Workbook

Sheet Summary
A1: Referral Service Summary (simulated data)
A2: Simulated data. Targets are assumptions set on the Settings sheet.
A3: Headline measures
A4: Total Referrals | B4: Contacted within target | C4: Overdue: not contacted | D4: Urgent not escalated | E4: Records passing checks
A5: =ROWS(tblReferrals[]) | B5: =COUNTIF(tblReferrals[ContactStatus],"Contacted within target")/(COUNTIF(tblReferrals[ContactStatus],"Contacted within target")+COUNTIF(tblReferrals[ContactStatus],"Contacted late")) | C5: =COUNTIF(tblReferrals[ContactStatus],"Overdue - not contacted") | D5: =COUNTIFS(tblReferrals[PriorityLevel],"Urgent",tblReferrals[Escalated],"No") | E5: =COUNTIF(tblReferrals[QualityFlag],"OK")/ROWS(tblReferrals[])
A6: Targets (assumed) | B6: =Settings!B12 | E6: =Settings!B13
A7: Referrals by month | D7: Referrals by status
A8: Month starting | B8: Referrals | D8: Status | E8: Referrals
A9: 46174 | B9: =COUNTIFS(tblReferrals[DateReceived],">="&A9,tblReferrals[DateReceived],"<"&EDATE(A9,1)) | D9: New | E9: =COUNTIF(tblReferrals[Status],D9)
A10: 46204 | B10: =COUNTIFS(tblReferrals[DateReceived],">="&A10,tblReferrals[DateReceived],"<"&EDATE(A10,1)) | D10: Contacted | E10: =COUNTIF(tblReferrals[Status],D10)
A11: 46235 | B11: =COUNTIFS(tblReferrals[DateReceived],">="&A11,tblReferrals[DateReceived],"<"&EDATE(A11,1)) | D11: Awaiting info | E11: =COUNTIF(tblReferrals[Status],D11)
D12: Consent pending | E12: =COUNTIF(tblReferrals[Status],D12)
D13: Enrolled | E13: =COUNTIF(tblReferrals[Status],D13)
D14: Unable to contact | E14: =COUNTIF(tblReferrals[Status],D14)
D15: Declined | E15: =COUNTIF(tblReferrals[Status],D15)
A23: Time to first contact
A24: Priority | B24: Avg days to first contact
A25: Urgent | B25: =AVERAGEIFS(tblReferrals[DaysToContact],tblReferrals[PriorityLevel],A25,tblReferrals[DaysToContact],">=0")
A26: High | B26: =AVERAGEIFS(tblReferrals[DaysToContact],tblReferrals[PriorityLevel],A26,tblReferrals[DaysToContact],">=0")
A27: Routine | B27: =AVERAGEIFS(tblReferrals[DaysToContact],tblReferrals[PriorityLevel],A27,tblReferrals[DaysToContact],">=0")
A41: Simulated data with small numbers per group: no conclusions should be drawn. With real data, review this view with the team to check that timeliness is equitable.
A43: Key findings
A44: • 65% of contacted referrals were reached within the assumed target times (target 80%); 37 were contacted late.
A45: • 5 referrals are overdue for first contact.
A46: • 4 urgent referrals have no escalation recorded and should be reviewed.
A47: • 27 of 120 records carry a data-quality flag (missing fields, possible duplicates, or inconsistent dates or consent).
A49: Recommended actions
A50: • Contact the 5 overdue referrals and record the outcome.
A51: • Confirm escalation decisions for the 4 urgent referrals.
A52: • Correct the 27 flagged records with referrers, starting with the 5 that have no priority.
A53: • Review whether target times are realistic, since routine referrals average about 6.6 days to first contact.
A55: Based on simulated data and assumed targets.

Sheet Referrals
A1: ReferralID | B1: DateReceived | C1: ClientCode | D1: ReferrerType | E1: Ethnicity | F1: PriorityLevel | G1: InfoComplete | H1: DateFirstContact | I1: ContactMethod | J1: Status | K1: ConsentObtained | L1: AppointmentDate | M1: Escalated | N1: DaysToContact | O1: DaysWaiting | P1: TargetDays | Q1: ContactStatus | R1: QualityFlag
A2: R001 | B2: 46174 | C2: C1007 | D2: GP | E2: Māori | F2: Urgent | G2: Yes | H2: 46174 | I2: In person | J2: Contacted | K2: Pending | M2: Yes | N2: =IF(tblReferrals[[#This Row],[DateFirstContact]]="","",tblReferrals[[#This Row],[DateFirstContact]]-tblReferrals[[#This Row],[DateReceived]]) | O2: =IF(tblReferrals[[#This Row],[DateFirstContact]]="",Settings!$B$3-tblReferrals[[#This Row],[DateReceived]],"") | P2: =IFERROR(INDEX(Settings!$B$6:$B$8,MATCH(tblReferrals[[#This Row],[PriorityLevel]],Settings!$A$6:$A$8,0)),"") | Q2: =IF(tblReferrals[[#This Row],[TargetDays]]="","Check priority",IF(tblReferrals[[#This Row],[DateFirstContact]]="",IF(tblReferrals[[#This Row],[DaysWaiting]]>tblReferrals[[#This Row],[TargetDays]],"Overdue - not contacted","Within target - awaiting contact"),IF(tblReferrals[[#This Row],[DaysToContact]]<0,"Check dates",IF(tblReferrals[[#This Row],[DaysToContact]]<=tblReferrals[[#This Row],[TargetDays]],"Contacted within target","Contacted late")))) | R2: =IF(tblReferrals[[#This Row],[PriorityLevel]]="","Missing priority",IF(tblReferrals[[#This Row],[ReferrerType]]="","Missing referrer type",IF(AND(tblReferrals[[#This Row],[DateFirstContact]]<>"",tblReferrals[[#This Row],[DaysToContact]]<0),"Contact before received",IF(AND(tblReferrals[[#This Row],[Status]]="Enrolled",tblReferrals[[#This Row],[ConsentObtained]]<>"Yes"),"Enrolled without consent",IF(COUNTIF(tblReferrals[ClientCode],tblReferrals[[#This Row],[ClientCode]])>1,"Possible duplicate client",IF(tblReferrals[[#This Row],[Ethnicity]]="","Ethnicity not recorded","OK"))))))
A3: R002 | B3: 46174 | C3: C1014 | D3: GP | E3: Pacific | F3: High | G3: Yes | H3: 46177 | I3: Email | J3: Enrolled | K3: Yes | L3: 46185 | M3: No | N3: =IF(tblReferrals[[#This Row],[DateFirstContact]]="","",tblReferrals[[#This Row],[DateFirstContact]]-tblReferrals[[#This Row],[DateReceived]]) | O3: =IF(tblReferrals[[#This Row],[DateFirstContact]]="",Settings!$B$3-tblReferrals[[#This Row],[DateReceived]],"") | P3: =IFERROR(INDEX(Settings!$B$6:$B$8,MATCH(tblReferrals[[#This Row],[PriorityLevel]],Settings!$A$6:$A$8,0)),"") | Q3: =IF(tblReferrals[[#This Row],[TargetDays]]="","Check priority",IF(tblReferrals[[#This Row],[DateFirstContact]]="",IF(tblReferrals[[#This Row],[DaysWaiting]]>tblReferrals[[#This Row],[TargetDays]],"Overdue - not contacted","Within target - awaiting contact"),IF(tblReferrals[[#This Row],[DaysToContact]]<0,"Check dates",IF(tblReferrals[[#This Row],[DaysToContact]]<=tblReferrals[[#This Row],[TargetDays]],"Contacted within target","Contacted late")))) | R3: =IF(tblReferrals[[#This Row],[PriorityLevel]]="","Missing priority",IF(tblReferrals[[#This Row],[ReferrerType]]="","Missing referrer type",IF(AND(tblReferrals[[#This Row],[DateFirstContact]]<>"",tblReferrals[[#This Row],[DaysToContact]]<0),"Contact before received",IF(AND(tblReferrals[[#This Row],[Status]]="Enrolled",tblReferrals[[#This Row],[ConsentObtained]]<>"Yes"),"Enrolled without consent",IF(COUNTIF(tblReferrals[ClientCode],tblReferrals[[#This Row],[ClientCode]])>1,"Possible duplicate client",IF(tblReferrals[[#This Row],[Ethnicity]]="","Ethnicity not recorded","OK"))))))
A4: R003 | B4: 46175 | C4: C1021 | D4: Hospital | F4: Routine | G4: Yes | H4: 46182 | I4: Phone | J4: Enrolled | K4: Yes | L4: 46192 | M4: No | N4: =IF(tblReferrals[[#This Row],[DateFirstContact]]="","",tblReferrals[[#This Row],[DateFirstContact]]-tblReferrals[[#This Row],[DateReceived]]) | O4: =IF(tblReferrals[[#This Row],[DateFirstContact]]="",Settings!$B$3-tblReferrals[[#This Row],[DateReceived]],"") | P4: =IFERROR(INDEX(Settings!$B$6:$B$8,MATCH(tblReferrals[[#This Row],[PriorityLevel]],Settings!$A$6:$A$8,0)),"") | Q4: =IF(tblReferrals[[#This Row],[TargetDays]]="","Check priority",IF(tblReferrals[[#This Row],[DateFirstContact]]="",IF(tblReferrals[[#This Row],[DaysWaiting]]>tblReferrals[[#This Row],[TargetDays]],"Overdue - not contacted","Within target - awaiting contact"),IF(tblReferrals[[#This Row],[DaysToContact]]<0,"Check dates",IF(tblReferrals[[#This Row],[DaysToContact]]<=tblReferrals[[#This Row],[TargetDays]],"Contacted within target","Contacted late")))) | R4: =IF(tblReferrals[[#This Row],[PriorityLevel]]="","Missing priority",IF(tblReferrals[[#This Row],[ReferrerType]]="","Missing referrer type",IF(AND(tblReferrals[[#This Row],[DateFirstContact]]<>"",tblReferrals[[#This Row],[DaysToContact]]<0),"Contact before received",IF(AND(tblReferrals[[#This Row],[Status]]="Enrolled",tblReferrals[[#This Row],[ConsentObtained]]<>"Yes"),"Enrolled without consent",IF(COUNTIF(tblReferrals[ClientCode],tblReferrals[[#This Row],[ClientCode]])>1,"Possible duplicate client",IF(tblReferrals[[#This Row],[Ethnicity]]="","Ethnicity not recorded","OK"))))))
A5: R004 | B5: 46175 | C5: C1028 | D5: Self-referral | E5: Asian | F5: Routine | G5: Yes | H5: 46184 | I5: Email | J5: Awaiting info | K5: Pending | M5: No | N5: =IF(tblReferrals[[#This Row],[DateFirstContact]]="","",tblReferrals[[#This Row],[DateFirstContact]]-tblReferrals[[#This Row],[DateReceived]]) | O5: =IF(tblReferrals[[#This Row],[DateFirstContact]]="",Settings!$B$3-tblReferrals[[#This Row],[DateReceived]],"") | P5: =IFERROR(INDEX(Settings!$B$6:$B$8,MATCH(tblReferrals[[#This Row],[PriorityLevel]],Settings!$A$6:$A$8,0)),"") | Q5: =IF(tblReferrals[[#This Row],[TargetDays]]="","Check priority",IF(tblReferrals[[#This Row],[DateFirstContact]]="",IF(tblReferrals[[#This Row],[DaysWaiting]]>tblReferrals[[#This Row],[TargetDays]],"Overdue - not contacted","Within target - awaiting contact"),IF(tblReferrals[[#This Row],[DaysToContact]]<0,"Check dates",IF(tblReferrals[[#This Row],[DaysToContact]]<=tblReferrals[[#This Row],[TargetDays]],"Contacted within target","Contacted late")))) | R5: =IF(tblReferrals[[#This Row],[PriorityLevel]]="","Missing priority",IF(tblReferrals[[#This Row],[ReferrerType]]="","Missing referrer type",IF(AND(tblReferrals[[#This Row],[DateFirstContact]]<>"",tblReferrals[[#This Row],[DaysToContact]]<0),"Contact before received",IF(AND(tblReferrals[[#This Row],[Status]]="Enrolled",tblReferrals[[#This Row],[ConsentObtained]]<>"Yes"),"Enrolled without consent",IF(COUNTIF(tblReferrals[ClientCode],tblReferrals[[#This Row],[ClientCode]])>1,"Possible duplicate client",IF(tblReferrals[[#This Row],[Ethnicity]]="","Ethnicity not recorded","OK"))))))
A6: R005 | B6: 46176 | C6: C1035 | D6: Midwife | E6: Asian | F6: Routine | G6: Yes | H6: 46185 | I6: Text | J6: Enrolled | K6: Yes | L6: 46198 | M6: No | N6: =IF(tblReferrals[[#This Row],[DateFirstContact]]="","",tblReferrals[[#This Row],[DateFirstContact]]-tblReferrals[[#This Row],[DateReceived]]) | O6: =IF(tblReferrals[[#This Row],[DateFirstContact]]="",Settings!$B$3-tblReferrals[[#This Row],[DateReceived]],"") | P6: =IFERROR(INDEX(Settings!$B$6:$B$8,MATCH(tblReferrals[[#This Row],[PriorityLevel]],Settings!$A$6:$A$8,0)),"") | Q6: =IF(tblReferrals[[#This Row],[TargetDays]]="","Check priority",IF(tblReferrals[[#This Row],[DateFirstContact]]="",IF(tblReferrals[[#This Row],[DaysWaiting]]>tblReferrals[[#This Row],[TargetDays]],"Overdue - not contacted","Within target - awaiting contact"),IF(tblReferrals[[#This Row],[DaysToContact]]<0,"Check dates",IF(tblReferrals[[#This Row],[DaysToContact]]<=tblReferrals[[#This Row],[TargetDays]],"Contacted within target","Contacted late")))) | R6: =IF(tblReferrals[[#This Row],[PriorityLevel]]="","Missing priority",IF(tblReferrals[[#This Row],[ReferrerType]]="","Missing referrer type",IF(AND(tblReferrals[[#This Row],[DateFirstContact]]<>"",tblReferrals[[#This Row],[DaysToContact]]<0),"Contact before received",IF(AND(tblReferrals[[#This Row],[Status]]="Enrolled",tblReferrals[[#This Row],[ConsentObtained]]<>"Yes"),"Enrolled without consent",IF(COUNTIF(tblReferrals[ClientCode],tblReferrals[[#This Row],[ClientCode]])>1,"Possible duplicate client",IF(tblReferrals[[#This Row],[Ethnicity]]="","Ethnicity not recorded","OK"))))))
A7: R006 | B7: 46177 | C7: C1042 | D7: Other health provider | E7: Pacific | F7: Routine | G7: Yes | H7: 46178 | I7: Phone | J7: Declined | K7: No | M7: No | N7: =IF(tblReferrals[[#This Row],[DateFirstContact]]="","",tblReferrals[[#This Row],[DateFirstContact]]-tblReferrals[[#This Row],[DateReceived]]) | O7: =IF(tblReferrals[[#This Row],[DateFirstContact]]="",Settings!$B$3-tblReferrals[[#This Row],[DateReceived]],"") | P7: =IFERROR(INDEX(Settings!$B$6:$B$8,MATCH(tblReferrals[[#This Row],[PriorityLevel]],Settings!$A$6:$A$8,0)),"") | Q7: =IF(tblReferrals[[#This Row],[TargetDays]]="","Check priority",IF(tblReferrals[[#This Row],[DateFirstContact]]="",IF(tblReferrals[[#This Row],[DaysWaiting]]>tblReferrals[[#This Row],[TargetDays]],"Overdue - not contacted","Within target - awaiting contact"),IF(tblReferrals[[#This Row],[DaysToContact]]<0,"Check dates",IF(tblReferrals[[#This Row],[DaysToContact]]<=tblReferrals[[#This Row],[TargetDays]],"Contacted within target","Contacted late")))) | R7: =IF(tblReferrals[[#This Row],[PriorityLevel]]="","Missing priority",IF(tblReferrals[[#This Row],[ReferrerType]]="","Missing referrer type",IF(AND(tblReferrals[[#This Row],[DateFirstContact]]<>"",tblReferrals[[#This Row],[DaysToContact]]<0),"Contact before received",IF(AND(tblReferrals[[#This Row],[Status]]="Enrolled",tblReferrals[[#This Row],[ConsentObtained]]<>"Yes"),"Enrolled without consent",IF(COUNTIF(tblReferrals[ClientCode],tblReferrals[[#This Row],[ClientCode]])>1,"Possible duplicate client",IF(tblReferrals[[#This Row],[Ethnicity]]="","Ethnicity not recorded","OK"))))))
A8: R007 | B8: 46178 | C8: C1049 | D8: GP | F8: Routine | G8: Yes | H8: 46181 | I8: Phone | J8: Contacted | K8: Pending | M8: No | N8: =IF(tblReferrals[[#This Row],[DateFirstContact]]="","",tblReferrals[[#This Row],[DateFirstContact]]-tblReferrals[[#This Row],[DateReceived]]) | O8: =IF(tblReferrals[[#This Row],[DateFirstContact]]="",Settings!$B$3-tblReferrals[[#This Row],[DateReceived]],"") | P8: =IFERROR(INDEX(Settings!$B$6:$B$8,MATCH(tblReferrals[[#This Row],[PriorityLevel]],Settings!$A$6:$A$8,0)),"") | Q8: =IF(tblReferrals[[#This Row],[TargetDays]]="","Check priority",IF(tblReferrals[[#This Row],[DateFirstContact]]="",IF(tblReferrals[[#This Row],[DaysWaiting]]>tblReferrals[[#This Row],[TargetDays]],"Overdue - not contacted","Within target - awaiting contact"),IF(tblReferrals[[#This Row],[DaysToContact]]<0,"Check dates",IF(tblReferrals[[#This Row],[DaysToContact]]<=tblReferrals[[#This Row],[TargetDays]],"Contacted within target","Contacted late")))) | R8: =IF(tblReferrals[[#This Row],[PriorityLevel]]="","Missing priority",IF(tblReferrals[[#This Row],[ReferrerType]]="","Missing referrer type",IF(AND(tblReferrals[[#This Row],[DateFirstContact]]<>"",tblReferrals[[#This Row],[DaysToContact]]<0),"Contact before received",IF(AND(tblReferrals[[#This Row],[Status]]="Enrolled",tblReferrals[[#This Row],[ConsentObtained]]<>"Yes"),"Enrolled without consent",IF(COUNTIF(tblReferrals[ClientCode],tblReferrals[[#This Row],[ClientCode]])>1,"Possible duplicate client",IF(tblReferrals[[#This Row],[Ethnicity]]="","Ethnicity not recorded","OK"))))))
A9: R008 | B9: 46178 | C9: C1056 | D9: Other health provider | E9: European | F9: Routine | G9: Yes | H9: 46176 | I9: Text | J9: Declined | K9: No | M9: No | N9: =IF(tblReferrals[[#This Row],[DateFirstContact]]="","",tblReferrals[[#This Row],[DateFirstContact]]-tblReferrals[[#This Row],[DateReceived]]) | O9: =IF(tblReferrals[[#This Row],[DateFirstContact]]="",Settings!$B$3-tblReferrals[[#This Row],[DateReceived]],"") | P9: =IFERROR(INDEX(Settings!$B$6:$B$8,MATCH(tblReferrals[[#This Row],[PriorityLevel]],Settings!$A$6:$A$8,0)),"") | Q9: =IF(tblReferrals[[#This Row],[TargetDays]]="","Check priority",IF(tblReferrals[[#This Row],[DateFirstContact]]="",IF(tblReferrals[[#This Row],[DaysWaiting]]>tblReferrals[[#This Row],[TargetDays]],"Overdue - not contacted","Within target - awaiting contact"),IF(tblReferrals[[#This Row],[DaysToContact]]<0,"Check dates",IF(tblReferrals[[#This Row],[DaysToContact]]<=tblReferrals[[#This Row],[TargetDays]],"Contacted within target","Contacted late")))) | R9: =IF(tblReferrals[[#This Row],[PriorityLevel]]="","Missing priority",IF(tblReferrals[[#This Row],[ReferrerType]]="","Missing referrer type",IF(AND(tblReferrals[[#This Row],[DateFirstContact]]<>"",tblReferrals[[#This Row],[DaysToContact]]<0),"Contact before received",IF(AND(tblReferrals[[#This Row],[Status]]="Enrolled",tblReferrals[[#This Row],[ConsentObtained]]<>"Yes"),"Enrolled without consent",IF(COUNTIF(tblReferrals[ClientCode],tblReferrals[[#This Row],[ClientCode]])>1,"Possible duplicate client",IF(tblReferrals[[#This Row],[Ethnicity]]="","Ethnicity not recorded","OK"))))))
A10: R009 | B10: 46182 | C10: C1063 | D10: Hospital | E10: Asian | F10: High | G10: Yes | H10: 46185 | I10: Phone | J10: Declined | K10: No | M10: No | N10: =IF(tblReferrals[[#This Row],[DateFirstContact]]="","",tblReferrals[[#This Row],[DateFirstContact]]-tblReferrals[[#This Row],[DateReceived]]) | O10: =IF(tblReferrals[[#This Row],[DateFirstContact]]="",Settings!$B$3-tblReferrals[[#This Row],[DateReceived]],"") | P10: =IFERROR(INDEX(Settings!$B$6:$B$8,MATCH(tblReferrals[[#This Row],[PriorityLevel]],Settings!$A$6:$A$8,0)),"") | Q10: =IF(tblReferrals[[#This Row],[TargetDays]]="","Check priority",IF(tblReferrals[[#This Row],[DateFirstContact]]="",IF(tblReferrals[[#This Row],[DaysWaiting]]>tblReferrals[[#This Row],[TargetDays]],"Overdue - not contacted","Within target - awaiting contact"),IF(tblReferrals[[#This Row],[DaysToContact]]<0,"Check dates",IF(tblReferrals[[#This Row],[DaysToContact]]<=tblReferrals[[#This Row],[TargetDays]],"Contacted within target","Contacted late")))) | R10: =IF(tblReferrals[[#This Row],[PriorityLevel]]="","Missing priority",IF(tblReferrals[[#This Row],[ReferrerType]]="","Missing referrer type",IF(AND(tblReferrals[[#This Row],[DateFirstContact]]<>"",tblReferrals[[#This Row],[DaysToContact]]<0),"Contact before received",IF(AND(tblReferrals[[#This Row],[Status]]="Enrolled",tblReferrals[[#This Row],[ConsentObtained]]<>"Yes"),"Enrolled without consent",IF(COUNTIF(tblReferrals[ClientCode],tblReferrals[[#This Row],[ClientCode]])>1,"Possible duplicate client",IF(tblReferrals[[#This Row],[Ethnicity]]="","Ethnicity not recorded","OK"))))))
A11: R010 | B11: 46182 | C11: C1070 | D11: GP | E11: Other | F11: Routine | G11: Yes | H11: 46183 | I11: Phone | J11: Contacted | K11: Pending | L11: 46196 | M11: No | N11: =IF(tblReferrals[[#This Row],[DateFirstContact]]="","",tblReferrals[[#This Row],[DateFirstContact]]-tblReferrals[[#This Row],[DateReceived]]) | O11: =IF(tblReferrals[[#This Row],[DateFirstContact]]="",Settings!$B$3-tblReferrals[[#This Row],[DateReceived]],"") | P11: =IFERROR(INDEX(Settings!$B$6:$B$8,MATCH(tblReferrals[[#This Row],[PriorityLevel]],Settings!$A$6:$A$8,0)),"") | Q11: =IF(tblReferrals[[#This Row],[TargetDays]]="","Check priority",IF(tblReferrals[[#This Row],[DateFirstContact]]="",IF(tblReferrals[[#This Row],[DaysWaiting]]>tblReferrals[[#This Row],[TargetDays]],"Overdue - not contacted","Within target - awaiting contact"),IF(tblReferrals[[#This Row],[DaysToContact]]<0,"Check dates",IF(tblReferrals[[#This Row],[DaysToContact]]<=tblReferrals[[#This Row],[TargetDays]],"Contacted within target","Contacted late")))) | R11: =IF(tblReferrals[[#This Row],[PriorityLevel]]="","Missing priority",IF(tblReferrals[[#This Row],[ReferrerType]]="","Missing referrer type",IF(AND(tblReferrals[[#This Row],[DateFirstContact]]<>"",tblReferrals[[#This Row],[DaysToContact]]<0),"Contact before received",IF(AND(tblReferrals[[#This Row],[Status]]="Enrolled",tblReferrals[[#This Row],[ConsentObtained]]<>"Yes"),"Enrolled without consent",IF(COUNTIF(tblReferrals[ClientCode],tblReferrals[[#This Row],[ClientCode]])>1,"Possible duplicate client",IF(tblReferrals[[#This Row],[Ethnicity]]="","Ethnicity not recorded","OK"))))))
A12: R011 | B12: 46182 | C12: C1077 | D12: Self-referral | E12: European | G12: Yes | H12: 46189 | I12: Email | J12: Contacted | K12: Pending | M12: No | N12: =IF(tblReferrals[[#This Row],[DateFirstContact]]="","",tblReferrals[[#This Row],[DateFirstContact]]-tblReferrals[[#This Row],[DateReceived]]) | O12: =IF(tblReferrals[[#This Row],[DateFirstContact]]="",Settings!$B$3-tblReferrals[[#This Row],[DateReceived]],"") | P12: =IFERROR(INDEX(Settings!$B$6:$B$8,MATCH(tblReferrals[[#This Row],[PriorityLevel]],Settings!$A$6:$A$8,0)),"") | Q12: =IF(tblReferrals[[#This Row],[TargetDays]]="","Check priority",IF(tblReferrals[[#This Row],[DateFirstContact]]="",IF(tblReferrals[[#This Row],[DaysWaiting]]>tblReferrals[[#This Row],[TargetDays]],"Overdue - not contacted","Within target - awaiting contact"),IF(tblReferrals[[#This Row],[DaysToContact]]<0,"Check dates",IF(tblReferrals[[#This Row],[DaysToContact]]<=tblReferrals[[#This Row],[TargetDays]],"Contacted within target","Contacted late")))) | R12: =IF(tblReferrals[[#This Row],[PriorityLevel]]="","Missing priority",IF(tblReferrals[[#This Row],[ReferrerType]]="","Missing referrer type",IF(AND(tblReferrals[[#This Row],[DateFirstContact]]<>"",tblReferrals[[#This Row],[DaysToContact]]<0),"Contact before received",IF(AND(tblReferrals[[#This Row],[Status]]="Enrolled",tblReferrals[[#This Row],[ConsentObtained]]<>"Yes"),"Enrolled without consent",IF(COUNTIF(tblReferrals[ClientCode],tblReferrals[[#This Row],[ClientCode]])>1,"Possible duplicate client",IF(tblReferrals[[#This Row],[Ethnicity]]="","Ethnicity not recorded","OK"))))))
A13: R012 | B13: 46182 | C13: C1084 | D13: Community agency | E13: Asian | F13: Routine | G13: No | H13: 46195 | I13: In person | J13: Declined | K13: No | M13: No | N13: =IF(tblReferrals[[#This Row],[DateFirstContact]]="","",tblReferrals[[#This Row],[DateFirstContact]]-tblReferrals[[#This Row],[DateReceived]]) | O13: =IF(tblReferrals[[#This Row],[DateFirstContact]]="",Settings!$B$3-tblReferrals[[#This Row],[DateReceived]],"") | P13: =IFERROR(INDEX(Settings!$B$6:$B$8,MATCH(tblReferrals[[#This Row],[PriorityLevel]],Settings!$A$6:$A$8,0)),"") | Q13: =IF(tblReferrals[[#This Row],[TargetDays]]="","Check priority",IF(tblReferrals[[#This Row],[DateFirstContact]]="",IF(tblReferrals[[#This Row],[DaysWaiting]]>tblReferrals[[#This Row],[TargetDays]],"Overdue - not contacted","Within target - awaiting contact"),IF(tblReferrals[[#This Row],[DaysToContact]]<0,"Check dates",IF(tblReferrals[[#This Row],[DaysToContact]]<=tblReferrals[[#This Row],[TargetDays]],"Contacted within target","Contacted late")))) | R13: =IF(tblReferrals[[#This Row],[PriorityLevel]]="","Missing priority",IF(tblReferrals[[#This Row],[ReferrerType]]="","Missing referrer type",IF(AND(tblReferrals[[#This Row],[DateFirstContact]]<>"",tblReferrals[[#This Row],[DaysToContact]]<0),"Contact before received",IF(AND(tblReferrals[[#This Row],[Status]]="Enrolled",tblReferrals[[#This Row],[ConsentObtained]]<>"Yes"),"Enrolled without consent",IF(COUNTIF(tblReferrals[ClientCode],tblReferrals[[#This Row],[ClientCode]])>1,"Possible duplicate client",IF(tblReferrals[[#This Row],[Ethnicity]]="","Ethnicity not recorded","OK"))))))
A14: R013 | B14: 46183 | C14: C1091 | D14: GP | E14: European | F14: High | G14: No | H14: 46188 | I14: Phone | J14: Contacted | K14: Pending | L14: 46198 | M14: No | N14: =IF(tblReferrals[[#This Row],[DateFirstContact]]="","",tblReferrals[[#This Row],[DateFirstContact]]-tblReferrals[[#This Row],[DateReceived]]) | O14: =IF(tblReferrals[[#This Row],[DateFirstContact]]="",Settings!$B$3-tblReferrals[[#This Row],[DateReceived]],"") | P14: =IFERROR(INDEX(Settings!$B$6:$B$8,MATCH(tblReferrals[[#This Row],[PriorityLevel]],Settings!$A$6:$A$8,0)),"") | Q14: =IF(tblReferrals[[#This Row],[TargetDays]]="","Check priority",IF(tblReferrals[[#This Row],[DateFirstContact]]="",IF(tblReferrals[[#This Row],[DaysWaiting]]>tblReferrals[[#This Row],[TargetDays]],"Overdue - not contacted","Within target - awaiting contact"),IF(tblReferrals[[#This Row],[DaysToContact]]<0,"Check dates",IF(tblReferrals[[#This Row],[DaysToContact]]<=tblReferrals[[#This Row],[TargetDays]],"Contacted within target","Contacted late")))) | R14: =IF(tblReferrals[[#This Row],[PriorityLevel]]="","Missing priority",IF(tblReferrals[[#This Row],[ReferrerType]]="","Missing referrer type",IF(AND(tblReferrals[[#This Row],[DateFirstContact]]<>"",tblReferrals[[#This Row],[DaysToContact]]<0),"Contact before received",IF(AND(tblReferrals[[#This Row],[Status]]="Enrolled",tblReferrals[[#This Row],[ConsentObtained]]<>"Yes"),"Enrolled without consent",IF(COUNTIF(tblReferrals[ClientCode],tblReferrals[[#This Row],[ClientCode]])>1,"Possible duplicate client",IF(tblReferrals[[#This Row],[Ethnicity]]="","Ethnicity not recorded","OK"))))))
A15: R014 | B15: 46183 | C15: C1098 | D15: GP | E15: Asian | F15: Routine | G15: Yes | H15: 46185 | I15: Phone | J15: Consent pending | K15: Pending | M15: No | N15: =IF(tblReferrals[[#This Row],[DateFirstContact]]="","",tblReferrals[[#This Row],[DateFirstContact]]-tblReferrals[[#This Row],[DateReceived]]) | O15: =IF(tblReferrals[[#This Row],[DateFirstContact]]="",Settings!$B$3-tblReferrals[[#This Row],[DateReceived]],"") | P15: =IFERROR(INDEX(Settings!$B$6:$B$8,MATCH(tblReferrals[[#This Row],[PriorityLevel]],Settings!$A$6:$A$8,0)),"") | Q15: =IF(tblReferrals[[#This Row],[TargetDays]]="","Check priority",IF(tblReferrals[[#This Row],[DateFirstContact]]="",IF(tblReferrals[[#This Row],[DaysWaiting]]>tblReferrals[[#This Row],[TargetDays]],"Overdue - not contacted","Within target - awaiting contact"),IF(tblReferrals[[#This Row],[DaysToContact]]<0,"Check dates",IF(tblReferrals[[#This Row],[DaysToContact]]<=tblReferrals[[#This Row],[TargetDays]],"Contacted within target","Contacted late")))) | R15: =IF(tblReferrals[[#This Row],[PriorityLevel]]="","Missing priority",IF(tblReferrals[[#This Row],[ReferrerType]]="","Missing referrer type",IF(AND(tblReferrals[[#This Row],[DateFirstContact]]<>"",tblReferrals[[#This Row],[DaysToContact]]<0),"Contact before received",IF(AND(tblReferrals[[#This Row],[Status]]="Enrolled",tblReferrals[[#This Row],[ConsentObtained]]<>"Yes"),"Enrolled without consent",IF(COUNTIF(tblReferrals[ClientCode],tblReferrals[[#This Row],[ClientCode]])>1,"Possible duplicate client",IF(tblReferrals[[#This Row],[Ethnicity]]="","Ethnicity not recorded","OK"))))))
A16: R015 | B16: 46183 | C16: C1105 | D16: Midwife | E16: Asian | F16: Routine | G16: Yes | H16: 46189 | I16: Phone | J16: Enrolled | K16: Yes | L16: 46192 | M16: No | N16: =IF(tblReferrals[[#This Row],[DateFirstContact]]="","",tblReferrals[[#This Row],[DateFirstContact]]-tblReferrals[[#This Row],[DateReceived]]) | O16: =IF(tblReferrals[[#This Row],[DateFirstContact]]="",Settings!$B$3-tblReferrals[[#This Row],[DateReceived]],"") | P16: =IFERROR(INDEX(Settings!$B$6:$B$8,MATCH(tblReferrals[[#This Row],[PriorityLevel]],Settings!$A$6:$A$8,0)),"") | Q16: =IF(tblReferrals[[#This Row],[TargetDays]]="","Check priority",IF(tblReferrals[[#This Row],[DateFirstContact]]="",IF(tblReferrals[[#This Row],[DaysWaiting]]>tblReferrals[[#This Row],[TargetDays]],"Overdue - not contacted","Within target - awaiting contact"),IF(tblReferrals[[#This Row],[DaysToContact]]<0,"Check dates",IF(tblReferrals[[#This Row],[DaysToContact]]<=tblReferrals[[#This Row],[TargetDays]],"Contacted within target","Contacted late")))) | R16: =IF(tblReferrals[[#This Row],[PriorityLevel]]="","Missing priority",IF(tblReferrals[[#This Row],[ReferrerType]]="","Missing referrer type",IF(AND(tblReferrals[[#This Row],[DateFirstContact]]<>"",tblReferrals[[#This Row],[DaysToContact]]<0),"Contact before received",IF(AND(tblReferrals[[#This Row],[Status]]="Enrolled",tblReferrals[[#This Row],[ConsentObtained]]<>"Yes"),"Enrolled without consent",IF(COUNTIF(tblReferrals[ClientCode],tblReferrals[[#This Row],[ClientCode]])>1,"Possible duplicate client",IF(tblReferrals[[#This Row],[Ethnicity]]="","Ethnicity not recorded","OK"))))))
A17: R016 | B17: 46184 | C17: C1112 | D17: Self-referral | E17: Māori | F17: Routine | G17: No | H17: 46188 | I17: Email | J17: Consent pending | K17: Pending | M17: No | N17: =IF(tblReferrals[[#This Row],[DateFirstContact]]="","",tblReferrals[[#This Row],[DateFirstContact]]-tblReferrals[[#This Row],[DateReceived]]) | O17: =IF(tblReferrals[[#This Row],[DateFirstContact]]="",Settings!$B$3-tblReferrals[[#This Row],[DateReceived]],"") | P17: =IFERROR(INDEX(Settings!$B$6:$B$8,MATCH(tblReferrals[[#This Row],[PriorityLevel]],Settings!$A$6:$A$8,0)),"") | Q17: =IF(tblReferrals[[#This Row],[TargetDays]]="","Check priority",IF(tblReferrals[[#This Row],[DateFirstContact]]="",IF(tblReferrals[[#This Row],[DaysWaiting]]>tblReferrals[[#This Row],[TargetDays]],"Overdue - not contacted","Within target - awaiting contact"),IF(tblReferrals[[#This Row],[DaysToContact]]<0,"Check dates",IF(tblReferrals[[#This Row],[DaysToContact]]<=tblReferrals[[#This Row],[TargetDays]],"Contacted within target","Contacted late")))) | R17: =IF(tblReferrals[[#This Row],[PriorityLevel]]="","Missing priority",IF(tblReferrals[[#This Row],[ReferrerType]]="","Missing referrer type",IF(AND(tblReferrals[[#This Row],[DateFirstContact]]<>"",tblReferrals[[#This Row],[DaysToContact]]<0),"Contact before received",IF(AND(tblReferrals[[#This Row],[Status]]="Enrolled",tblReferrals[[#This Row],[ConsentObtained]]<>"Yes"),"Enrolled without consent",IF(COUNTIF(tblReferrals[ClientCode],tblReferrals[[#This Row],[ClientCode]])>1,"Possible duplicate client",IF(tblReferrals[[#This Row],[Ethnicity]]="","Ethnicity not recorded","OK"))))))
A18: R017 | B18: 46191 | C18: C1119 | D18: Midwife | E18: European | F18: Routine | G18: Yes | H18: 46198 | I18: Phone | J18: Declined | K18: No | M18: No | N18: =IF(tblReferrals[[#This Row],[DateFirstContact]]="","",tblReferrals[[#This Row],[DateFirstContact]]-tblReferrals[[#This Row],[DateReceived]]) | O18: =IF(tblReferrals[[#This Row],[DateFirstContact]]="",Settings!$B$3-tblReferrals[[#This Row],[DateReceived]],"") | P18: =IFERROR(INDEX(Settings!$B$6:$B$8,MATCH(tblReferrals[[#This Row],[PriorityLevel]],Settings!$A$6:$A$8,0)),"") | Q18: =IF(tblReferrals[[#This Row],[TargetDays]]="","Check priority",IF(tblReferrals[[#This Row],[DateFirstContact]]="",IF(tblReferrals[[#This Row],[DaysWaiting]]>tblReferrals[[#This Row],[TargetDays]],"Overdue - not contacted","Within target - awaiting contact"),IF(tblReferrals[[#This Row],[DaysToContact]]<0,"Check dates",IF(tblReferrals[[#This Row],[DaysToContact]]<=tblReferrals[[#This Row],[TargetDays]],"Contacted within target","Contacted late")))) | R18: =IF(tblReferrals[[#This Row],[PriorityLevel]]="","Missing priority",IF(tblReferrals[[#This Row],[ReferrerType]]="","Missing referrer type",IF(AND(tblReferrals[[#This Row],[DateFirstContact]]<>"",tblReferrals[[#This Row],[DaysToContact]]<0),"Contact before received",IF(AND(tblReferrals[[#This Row],[Status]]="Enrolled",tblReferrals[[#This Row],[ConsentObtained]]<>"Yes"),"Enrolled without consent",IF(COUNTIF(tblReferrals[ClientCode],tblReferrals[[#This Row],[ClientCode]])>1,"Possible duplicate client",IF(tblReferrals[[#This Row],[Ethnicity]]="","Ethnicity not recorded","OK"))))))
A19: R018 | B19: 46192 | C19: C1126 | D19: Midwife | E19: European | F19: High | G19: Yes | H19: 46199 | I19: Phone | J19: Declined | K19: No | M19: No | N19: =IF(tblReferrals[[#This Row],[DateFirstContact]]="","",tblReferrals[[#This Row],[DateFirstContact]]-tblReferrals[[#This Row],[DateReceived]]) | O19: =IF(tblReferrals[[#This Row],[DateFirstContact]]="",Settings!$B$3-tblReferrals[[#This Row],[DateReceived]],"") | P19: =IFERROR(INDEX(Settings!$B$6:$B$8,MATCH(tblReferrals[[#This Row],[PriorityLevel]],Settings!$A$6:$A$8,0)),"") | Q19: =IF(tblReferrals[[#This Row],[TargetDays]]="","Check priority",IF(tblReferrals[[#This Row],[DateFirstContact]]="",IF(tblReferrals[[#This Row],[DaysWaiting]]>tblReferrals[[#This Row],[TargetDays]],"Overdue - not contacted","Within target - awaiting contact"),IF(tblReferrals[[#This Row],[DaysToContact]]<0,"Check dates",IF(tblReferrals[[#This Row],[DaysToContact]]<=tblReferrals[[#This Row],[TargetDays]],"Contacted within target","Contacted late")))) | R19: =IF(tblReferrals[[#This Row],[PriorityLevel]]="","Missing priority",IF(tblReferrals[[#This Row],[ReferrerType]]="","Missing referrer type",IF(AND(tblReferrals[[#This Row],[DateFirstContact]]<>"",tblReferrals[[#This Row],[DaysToContact]]<0),"Contact before received",IF(AND(tblReferrals[[#This Row],[Status]]="Enrolled",tblReferrals[[#This Row],[ConsentObtained]]<>"Yes"),"Enrolled without consent",IF(COUNTIF(tblReferrals[ClientCode],tblReferrals[[#This Row],[ClientCode]])>1,"Possible duplicate client",IF(tblReferrals[[#This Row],[Ethnicity]]="","Ethnicity not recorded","OK"))))))
A20: R019 | B20: 46192 | C20: C1133 | D20: Hospital | E20: European | F20: High | G20: Yes | H20: 46196 | I20: Phone | J20: Enrolled | K20: Yes | L20: 46210 | M20: No | N20: =IF(tblReferrals[[#This Row],[DateFirstContact]]="","",tblReferrals[[#This Row],[DateFirstContact]]-tblReferrals[[#This Row],[DateReceived]]) | O20: =IF(tblReferrals[[#This Row],[DateFirstContact]]="",Settings!$B$3-tblReferrals[[#This Row],[DateReceived]],"") | P20: =IFERROR(INDEX(Settings!$B$6:$B$8,MATCH(tblReferrals[[#This Row],[PriorityLevel]],Settings!$A$6:$A$8,0)),"") | Q20: =IF(tblReferrals[[#This Row],[TargetDays]]="","Check priority",IF(tblReferrals[[#This Row],[DateFirstContact]]="",IF(tblReferrals[[#This Row],[DaysWaiting]]>tblReferrals[[#This Row],[TargetDays]],"Overdue - not contacted","Within target - awaiting contact"),IF(tblReferrals[[#This Row],[DaysToContact]]<0,"Check dates",IF(tblReferrals[[#This Row],[DaysToContact]]<=tblReferrals[[#This Row],[TargetDays]],"Contacted within target","Contacted late")))) | R20: =IF(tblReferrals[[#This Row],[PriorityLevel]]="","Missing priority",IF(tblReferrals[[#This Row],[ReferrerType]]="","Missing referrer type",IF(AND(tblReferrals[[#This Row],[DateFirstContact]]<>"",tblReferrals[[#This Row],[DaysToContact]]<0),"Contact before received",IF(AND(tblReferrals[[#This Row],[Status]]="Enrolled",tblReferrals[[#This Row],[ConsentObtained]]<>"Yes"),"Enrolled without consent",IF(COUNTIF(tblReferrals[ClientCode],tblReferrals[[#This Row],[ClientCode]])>1,"Possible duplicate client",IF(tblReferrals[[#This Row],[Ethnicity]]="","Ethnicity not recorded","OK"))))))
A21: R020 | B21: 46192 | C21: C1140 | D21: GP | E21: Māori | F21: High | G21: No | H21: 46195 | I21: Text | J21: Awaiting info | K21: Pending | M21: Yes | N21: =IF(tblReferrals[[#This Row],[DateFirstContact]]="","",tblReferrals[[#This Row],[DateFirstContact]]-tblReferrals[[#This Row],[DateReceived]]) | O21: =IF(tblReferrals[[#This Row],[DateFirstContact]]="",Settings!$B$3-tblReferrals[[#This Row],[DateReceived]],"") | P21: =IFERROR(INDEX(Settings!$B$6:$B$8,MATCH(tblReferrals[[#This Row],[PriorityLevel]],Settings!$A$6:$A$8,0)),"") | Q21: =IF(tblReferrals[[#This Row],[TargetDays]]="","Check priority",IF(tblReferrals[[#This Row],[DateFirstContact]]="",IF(tblReferrals[[#This Row],[DaysWaiting]]>tblReferrals[[#This Row],[TargetDays]],"Overdue - not contacted","Within target - awaiting contact"),IF(tblReferrals[[#This Row],[DaysToContact]]<0,"Check dates",IF(tblReferrals[[#This Row],[DaysToContact]]<=tblReferrals[[#This Row],[TargetDays]],"Contacted within target","Contacted late")))) | R21: =IF(tblReferrals[[#This Row],[PriorityLevel]]="","Missing priority",IF(tblReferrals[[#This Row],[ReferrerType]]="","Missing referrer type",IF(AND(tblReferrals[[#This Row],[DateFirstContact]]<>"",tblReferrals[[#This Row],[DaysToContact]]<0),"Contact before received",IF(AND(tblReferrals[[#This Row],[Status]]="Enrolled",tblReferrals[[#This Row],[ConsentObtained]]<>"Yes"),"Enrolled without consent",IF(COUNTIF(tblReferrals[ClientCode],tblReferrals[[#This Row],[ClientCode]])>1,"Possible duplicate client",IF(tblReferrals[[#This Row],[Ethnicity]]="","Ethnicity not recorded","OK"))))))
A22: R021 | B22: 46195 | C22: C1147 | D22: Community agency | E22: Māori | F22: High | G22: Yes | H22: 46198 | I22: Text | J22: Consent pending | K22: Pending | M22: No | N22: =IF(tblReferrals[[#This Row],[DateFirstContact]]="","",tblReferrals[[#This Row],[DateFirstContact]]-tblReferrals[[#This Row],[DateReceived]]) | O22: =IF(tblReferrals[[#This Row],[DateFirstContact]]="",Settings!$B$3-tblReferrals[[#This Row],[DateReceived]],"") | P22: =IFERROR(INDEX(Settings!$B$6:$B$8,MATCH(tblReferrals[[#This Row],[PriorityLevel]],Settings!$A$6:$A$8,0)),"") | Q22: =IF(tblReferrals[[#This Row],[TargetDays]]="","Check priority",IF(tblReferrals[[#This Row],[DateFirstContact]]="",IF(tblReferrals[[#This Row],[DaysWaiting]]>tblReferrals[[#This Row],[TargetDays]],"Overdue - not contacted","Within target - awaiting contact"),IF(tblReferrals[[#This Row],[DaysToContact]]<0,"Check dates",IF(tblReferrals[[#This Row],[DaysToContact]]<=tblReferrals[[#This Row],[TargetDays]],"Contacted within target","Contacted late")))) | R22: =IF(tblReferrals[[#This Row],[PriorityLevel]]="","Missing priority",IF(tblReferrals[[#This Row],[ReferrerType]]="","Missing referrer type",IF(AND(tblReferrals[[#This Row],[DateFirstContact]]<>"",tblReferrals[[#This Row],[DaysToContact]]<0),"Contact before received",IF(AND(tblReferrals[[#This Row],[Status]]="Enrolled",tblReferrals[[#This Row],[ConsentObtained]]<>"Yes"),"Enrolled without consent",IF(COUNTIF(tblReferrals[ClientCode],tblReferrals[[#This Row],[ClientCode]])>1,"Possible duplicate client",IF(tblReferrals[[#This Row],[Ethnicity]]="","Ethnicity not recorded","OK"))))))
A23: R022 | B23: 46196 | C23: C1154 | D23: GP | E23: Pacific | F23: Routine | G23: Yes | H23: 46198 | I23: Phone | J23: Enrolled | K23: Yes | L23: 46210 | M23: No | N23: =IF(tblReferrals[[#This Row],[DateFirstContact]]="","",tblReferrals[[#This Row],[DateFirstContact]]-tblReferrals[[#This Row],[DateReceived]]) | O23: =IF(tblReferrals[[#This Row],[DateFirstContact]]="",Settings!$B$3-tblReferrals[[#This Row],[DateReceived]],"") | P23: =IFERROR(INDEX(Settings!$B$6:$B$8,MATCH(tblReferrals[[#This Row],[PriorityLevel]],Settings!$A$6:$A$8,0)),"") | Q23: =IF(tblReferrals[[#This Row],[TargetDays]]="","Check priority",IF(tblReferrals[[#This Row],[DateFirstContact]]="",IF(tblReferrals[[#This Row],[DaysWaiting]]>tblReferrals[[#This Row],[TargetDays]],"Overdue - not contacted","Within target - awaiting contact"),IF(tblReferrals[[#This Row],[DaysToContact]]<0,"Check dates",IF(tblReferrals[[#This Row],[DaysToContact]]<=tblReferrals[[#This Row],[TargetDays]],"Contacted within target","Contacted late")))) | R23: =IF(tblReferrals[[#This Row],[PriorityLevel]]="","Missing priority",IF(tblReferrals[[#This Row],[ReferrerType]]="","Missing referrer type",IF(AND(tblReferrals[[#This Row],[DateFirstContact]]<>"",tblReferrals[[#This Row],[DaysToContact]]<0),"Contact before received",IF(AND(tblReferrals[[#This Row],[Status]]="Enrolled",tblReferrals[[#This Row],[ConsentObtained]]<>"Yes"),"Enrolled without consent",IF(COUNTIF(tblReferrals[ClientCode],tblReferrals[[#This Row],[ClientCode]])>1,"Possible duplicate client",IF(tblReferrals[[#This Row],[Ethnicity]]="","Ethnicity not recorded","OK"))))))
A24: R023 | B24: 46196 | C24: C1161 | D24: Midwife | E24: Māori | F24: Urgent | G24: Yes | H24: 46197 | I24: Phone | J24: Enrolled | K24: Yes | L24: 46213 | M24: Yes | N24: =IF(tblReferrals[[#This Row],[DateFirstContact]]="","",tblReferrals[[#This Row],[DateFirstContact]]-tblReferrals[[#This Row],[DateReceived]]) | O24: =IF(tblReferrals[[#This Row],[DateFirstContact]]="",Settings!$B$3-tblReferrals[[#This Row],[DateReceived]],"") | P24: =IFERROR(INDEX(Settings!$B$6:$B$8,MATCH(tblReferrals[[#This Row],[PriorityLevel]],Settings!$A$6:$A$8,0)),"") | Q24: =IF(tblReferrals[[#This Row],[TargetDays]]="","Check priority",IF(tblReferrals[[#This Row],[DateFirstContact]]="",IF(tblReferrals[[#This Row],[DaysWaiting]]>tblReferrals[[#This Row],[TargetDays]],"Overdue - not contacted","Within target - awaiting contact"),IF(tblReferrals[[#This Row],[DaysToContact]]<0,"Check dates",IF(tblReferrals[[#This Row],[DaysToContact]]<=tblReferrals[[#This Row],[TargetDays]],"Contacted within target","Contacted late")))) | R24: =IF(tblReferrals[[#This Row],[PriorityLevel]]="","Missing priority",IF(tblReferrals[[#This Row],[ReferrerType]]="","Missing referrer type",IF(AND(tblReferrals[[#This Row],[DateFirstContact]]<>"",tblReferrals[[#This Row],[DaysToContact]]<0),"Contact before received",IF(AND(tblReferrals[[#This Row],[Status]]="Enrolled",tblReferrals[[#This Row],[ConsentObtained]]<>"Yes"),"Enrolled without consent",IF(COUNTIF(tblReferrals[ClientCode],tblReferrals[[#This Row],[ClientCode]])>1,"Possible duplicate client",IF(tblReferrals[[#This Row],[Ethnicity]]="","Ethnicity not recorded","OK"))))))
A25: R024 | B25: 46196 | C25: C1168 | D25: Hospital | E25: Other | F25: Urgent | G25: No | H25: 46198 | I25: In person | J25: Consent pending | K25: Pending | M25: Yes | N25: =IF(tblReferrals[[#This Row],[DateFirstContact]]="","",tblReferrals[[#This Row],[DateFirstContact]]-tblReferrals[[#This Row],[DateReceived]]) | O25: =IF(tblReferrals[[#This Row],[DateFirstContact]]="",Settings!$B$3-tblReferrals[[#This Row],[DateReceived]],"") | P25: =IFERROR(INDEX(Settings!$B$6:$B$8,MATCH(tblReferrals[[#This Row],[PriorityLevel]],Settings!$A$6:$A$8,0)),"") | Q25: =IF(tblReferrals[[#This Row],[TargetDays]]="","Check priority",IF(tblReferrals[[#This Row],[DateFirstContact]]="",IF(tblReferrals[[#This Row],[DaysWaiting]]>tblReferrals[[#This Row],[TargetDays]],"Overdue - not contacted","Within target - awaiting contact"),IF(tblReferrals[[#This Row],[DaysToContact]]<0,"Check dates",IF(tblReferrals[[#This Row],[DaysToContact]]<=tblReferrals[[#This Row],[TargetDays]],"Contacted within target","Contacted late")))) | R25: =IF(tblReferrals[[#This Row],[PriorityLevel]]="","Missing priority",IF(tblReferrals[[#This Row],[ReferrerType]]="","Missing referrer type",IF(AND(tblReferrals[[#This Row],[DateFirstContact]]<>"",tblReferrals[[#This Row],[DaysToContact]]<0),"Contact before received",IF(AND(tblReferrals[[#This Row],[Status]]="Enrolled",tblReferrals[[#This Row],[ConsentObtained]]<>"Yes"),"Enrolled without consent",IF(COUNTIF(tblReferrals[ClientCode],tblReferrals[[#This Row],[ClientCode]])>1,"Possible duplicate client",IF(tblReferrals[[#This Row],[Ethnicity]]="","Ethnicity not recorded","OK"))))))
A26: R025 | B26: 46197 | C26: C1175 | D26: Other health provider | E26: Pacific | F26: High | G26: Yes | H26: 46197 | I26: Phone | J26: Enrolled | K26: Yes | L26: 46206 | M26: No | N26: =IF(tblReferrals[[#This Row],[DateFirstContact]]="","",tblReferrals[[#This Row],[DateFirstContact]]-tblReferrals[[#This Row],[DateReceived]]) | O26: =IF(tblReferrals[[#This Row],[DateFirstContact]]="",Settings!$B$3-tblReferrals[[#This Row],[DateReceived]],"") | P26: =IFERROR(INDEX(Settings!$B$6:$B$8,MATCH(tblReferrals[[#This Row],[PriorityLevel]],Settings!$A$6:$A$8,0)),"") | Q26: =IF(tblReferrals[[#This Row],[TargetDays]]="","Check priority",IF(tblReferrals[[#This Row],[DateFirstContact]]="",IF(tblReferrals[[#This Row],[DaysWaiting]]>tblReferrals[[#This Row],[TargetDays]],"Overdue - not contacted","Within target - awaiting contact"),IF(tblReferrals[[#This Row],[DaysToContact]]<0,"Check dates",IF(tblReferrals[[#This Row],[DaysToContact]]<=tblReferrals[[#This Row],[TargetDays]],"Contacted within target","Contacted late")))) | R26: =IF(tblReferrals[[#This Row],[PriorityLevel]]="","Missing priority",IF(tblReferrals[[#This Row],[ReferrerType]]="","Missing referrer type",IF(AND(tblReferrals[[#This Row],[DateFirstContact]]<>"",tblReferrals[[#This Row],[DaysToContact]]<0),"Contact before received",IF(AND(tblReferrals[[#This Row],[Status]]="Enrolled",tblReferrals[[#This Row],[ConsentObtained]]<>"Yes"),"Enrolled without consent",IF(COUNTIF(tblReferrals[ClientCode],tblReferrals[[#This Row],[ClientCode]])>1,"Possible duplicate client",IF(tblReferrals[[#This Row],[Ethnicity]]="","Ethnicity not recorded","OK"))))))
A27: R026 | B27: 46197 | C27: C1182 | D27: Hospital | E27: European | F27: Routine | G27: Yes | H27: 46199 | I27: Phone | J27: Consent pending | K27: Pending | M27: No | N27: =IF(tblReferrals[[#This Row],[DateFirstContact]]="","",tblReferrals[[#This Row],[DateFirstContact]]-tblReferrals[[#This Row],[DateReceived]]) | O27: =IF(tblReferrals[[#This Row],[DateFirstContact]]="",Settings!$B$3-tblReferrals[[#This Row],[DateReceived]],"") | P27: =IFERROR(INDEX(Settings!$B$6:$B$8,MATCH(tblReferrals[[#This Row],[PriorityLevel]],Settings!$A$6:$A$8,0)),"") | Q27: =IF(tblReferrals[[#This Row],[TargetDays]]="","Check priority",IF(tblReferrals[[#This Row],[DateFirstContact]]="",IF(tblReferrals[[#This Row],[DaysWaiting]]>tblReferrals[[#This Row],[TargetDays]],"Overdue - not contacted","Within target - awaiting contact"),IF(tblReferrals[[#This Row],[DaysToContact]]<0,"Check dates",IF(tblReferrals[[#This Row],[DaysToContact]]<=tblReferrals[[#This Row],[TargetDays]],"Contacted within target","Contacted late")))) | R27: =IF(tblReferrals[[#This Row],[PriorityLevel]]="","Missing priority",IF(tblReferrals[[#This Row],[ReferrerType]]="","Missing referrer type",IF(AND(tblReferrals[[#This Row],[DateFirstContact]]<>"",tblReferrals[[#This Row],[DaysToContact]]<0),"Contact before received",IF(AND(tblReferrals[[#This Row],[Status]]="Enrolled",tblReferrals[[#This Row],[ConsentObtained]]<>"Yes"),"Enrolled without consent",IF(COUNTIF(tblReferrals[ClientCode],tblReferrals[[#This Row],[ClientCode]])>1,"Possible duplicate client",IF(tblReferrals[[#This Row],[Ethnicity]]="","Ethnicity not recorded","OK"))))))
A28: R027 | B28: 46198 | C28: C1189 | D28: GP | E28: European | F28: Routine | G28: No | H28: 46204 | I28: Phone | J28: Awaiting info | K28: Pending | M28: No | N28: =IF(tblReferrals[[#This Row],[DateFirstContact]]="","",tblReferrals[[#This Row],[DateFirstContact]]-tblReferrals[[#This Row],[DateReceived]]) | O28: =IF(tblReferrals[[#This Row],[DateFirstContact]]="",Settings!$B$3-tblReferrals[[#This Row],[DateReceived]],"") | P28: =IFERROR(INDEX(Settings!$B$6:$B$8,MATCH(tblReferrals[[#This Row],[PriorityLevel]],Settings!$A$6:$A$8,0)),"") | Q28: =IF(tblReferrals[[#This Row],[TargetDays]]="","Check priority",IF(tblReferrals[[#This Row],[DateFirstContact]]="",IF(tblReferrals[[#This Row],[DaysWaiting]]>tblReferrals[[#This Row],[TargetDays]],"Overdue - not contacted","Within target - awaiting contact"),IF(tblReferrals[[#This Row],[DaysToContact]]<0,"Check dates",IF(tblReferrals[[#This Row],[DaysToContact]]<=tblReferrals[[#This Row],[TargetDays]],"Contacted within target","Contacted late")))) | R28: =IF(tblReferrals[[#This Row],[PriorityLevel]]="","Missing priority",IF(tblReferrals[[#This Row],[ReferrerType]]="","Missing referrer type",IF(AND(tblReferrals[[#This Row],[DateFirstContact]]<>"",tblReferrals[[#This Row],[DaysToContact]]<0),"Contact before received",IF(AND(tblReferrals[[#This Row],[Status]]="Enrolled",tblReferrals[[#This Row],[ConsentObtained]]<>"Yes"),"Enrolled without consent",IF(COUNTIF(tblReferrals[ClientCode],tblReferrals[[#This Row],[ClientCode]])>1,"Possible duplicate client",IF(tblReferrals[[#This Row],[Ethnicity]]="","Ethnicity not recorded","OK"))))))
A29: R028 | B29: 46199 | C29: C1196 | D29: GP | E29: Asian | F29: High | G29: Yes | H29: 46202 | I29: In person | J29: Enrolled | K29: Yes | L29: 46216 | M29: No | N29: =IF(tblReferrals[[#This Row],[DateFirstContact]]="","",tblReferrals[[#This Row],[DateFirstContact]]-tblReferrals[[#This Row],[DateReceived]]) | O29: =IF(tblReferrals[[#This Row],[DateFirstContact]]="",Settings!$B$3-tblReferrals[[#This Row],[DateReceived]],"") | P29: =IFERROR(INDEX(Settings!$B$6:$B$8,MATCH(tblReferrals[[#This Row],[PriorityLevel]],Settings!$A$6:$A$8,0)),"") | Q29: =IF(tblReferrals[[#This Row],[TargetDays]]="","Check priority",IF(tblReferrals[[#This Row],[DateFirstContact]]="",IF(tblReferrals[[#This Row],[DaysWaiting]]>tblReferrals[[#This Row],[TargetDays]],"Overdue - not contacted","Within target - awaiting contact"),IF(tblReferrals[[#This Row],[DaysToContact]]<0,"Check dates",IF(tblReferrals[[#This Row],[DaysToContact]]<=tblReferrals[[#This Row],[TargetDays]],"Contacted within target","Contacted late")))) | R29: =IF(tblReferrals[[#This Row],[PriorityLevel]]="","Missing priority",IF(tblReferrals[[#This Row],[ReferrerType]]="","Missing referrer type",IF(AND(tblReferrals[[#This Row],[DateFirstContact]]<>"",tblReferrals[[#This Row],[DaysToContact]]<0),"Contact before received",IF(AND(tblReferrals[[#This Row],[Status]]="Enrolled",tblReferrals[[#This Row],[ConsentObtained]]<>"Yes"),"Enrolled without consent",IF(COUNTIF(tblReferrals[ClientCode],tblReferrals[[#This Row],[ClientCode]])>1,"Possible duplicate client",IF(tblReferrals[[#This Row],[Ethnicity]]="","Ethnicity not recorded","OK"))))))
A30: R029 | B30: 46199 | C30: C1203 | D30: Hospital | E30: European | F30: Urgent | G30: Yes | H30: 46199 | I30: Phone | J30: Enrolled | K30: Yes | L30: 46217 | M30: Yes | N30: =IF(tblReferrals[[#This Row],[DateFirstContact]]="","",tblReferrals[[#This Row],[DateFirstContact]]-tblReferrals[[#This Row],[DateReceived]]) | O30: =IF(tblReferrals[[#This Row],[DateFirstContact]]="",Settings!$B$3-tblReferrals[[#This Row],[DateReceived]],"") | P30: =IFERROR(INDEX(Settings!$B$6:$B$8,MATCH(tblReferrals[[#This Row],[PriorityLevel]],Settings!$A$6:$A$8,0)),"") | Q30: =IF(tblReferrals[[#This Row],[TargetDays]]="","Check priority",IF(tblReferrals[[#This Row],[DateFirstContact]]="",IF(tblReferrals[[#This Row],[DaysWaiting]]>tblReferrals[[#This Row],[TargetDays]],"Overdue - not contacted","Within target - awaiting contact"),IF(tblReferrals[[#This Row],[DaysToContact]]<0,"Check dates",IF(tblReferrals[[#This Row],[DaysToContact]]<=tblReferrals[[#This Row],[TargetDays]],"Contacted within target","Contacted late")))) | R30: =IF(tblReferrals[[#This Row],[PriorityLevel]]="","Missing priority",IF(tblReferrals[[#This Row],[ReferrerType]]="","Missing referrer type",IF(AND(tblReferrals[[#This Row],[DateFirstContact]]<>"",tblReferrals[[#This Row],[DaysToContact]]<0),"Contact before received",IF(AND(tblReferrals[[#This Row],[Status]]="Enrolled",tblReferrals[[#This Row],[ConsentObtained]]<>"Yes"),"Enrolled without consent",IF(COUNTIF(tblReferrals[ClientCode],tblReferrals[[#This Row],[ClientCode]])>1,"Possible duplicate client",IF(tblReferrals[[#This Row],[Ethnicity]]="","Ethnicity not recorded","OK"))))))
A31: R030 | B31: 46202 | C31: C1210 | D31: Midwife | E31: European | F31: Routine | G31: No | H31: 46213 | I31: Phone | J31: Awaiting info | K31: Pending | M31: No | N31: =IF(tblReferrals[[#This Row],[DateFirstContact]]="","",tblReferrals[[#This Row],[DateFirstContact]]-tblReferrals[[#This Row],[DateReceived]]) | O31: =IF(tblReferrals[[#This Row],[DateFirstContact]]="",Settings!$B$3-tblReferrals[[#This Row],[DateReceived]],"") | P31: =IFERROR(INDEX(Settings!$B$6:$B$8,MATCH(tblReferrals[[#This Row],[PriorityLevel]],Settings!$A$6:$A$8,0)),"") | Q31: =IF(tblReferrals[[#This Row],[TargetDays]]="","Check priority",IF(tblReferrals[[#This Row],[DateFirstContact]]="",IF(tblReferrals[[#This Row],[DaysWaiting]]>tblReferrals[[#This Row],[TargetDays]],"Overdue - not contacted","Within target - awaiting contact"),IF(tblReferrals[[#This Row],[DaysToContact]]<0,"Check dates",IF(tblReferrals[[#This Row],[DaysToContact]]<=tblReferrals[[#This Row],[TargetDays]],"Contacted within target","Contacted late")))) | R31: =IF(tblReferrals[[#This Row],[PriorityLevel]]="","Missing priority",IF(tblReferrals[[#This Row],[ReferrerType]]="","Missing referrer type",IF(AND(tblReferrals[[#This Row],[DateFirstContact]]<>"",tblReferrals[[#This Row],[DaysToContact]]<0),"Contact before received",IF(AND(tblReferrals[[#This Row],[Status]]="Enrolled",tblReferrals[[#This Row],[ConsentObtained]]<>"Yes"),"Enrolled without consent",IF(COUNTIF(tblReferrals[ClientCode],tblReferrals[[#This Row],[ClientCode]])>1,"Possible duplicate client",IF(tblReferrals[[#This Row],[Ethnicity]]="","Ethnicity not recorded","OK"))))))
A32: R031 | B32: 46204 | C32: C1217 | D32: Midwife | E32: Pacific | F32: High | G32: Yes | H32: 46205 | I32: Email | J32: Enrolled | K32: Yes | L32: 46220 | M32: No | N32: =IF(tblReferrals[[#This Row],[DateFirstContact]]="","",tblReferrals[[#This Row],[DateFirstContact]]-tblReferrals[[#This Row],[DateReceived]]) | O32: =IF(tblReferrals[[#This Row],[DateFirstContact]]="",Settings!$B$3-tblReferrals[[#This Row],[DateReceived]],"") | P32: =IFERROR(INDEX(Settings!$B$6:$B$8,MATCH(tblReferrals[[#This Row],[PriorityLevel]],Settings!$A$6:$A$8,0)),"") | Q32: =IF(tblReferrals[[#This Row],[TargetDays]]="","Check priority",IF(tblReferrals[[#This Row],[DateFirstContact]]="",IF(tblReferrals[[#This Row],[DaysWaiting]]>tblReferrals[[#This Row],[TargetDays]],"Overdue - not contacted","Within target - awaiting contact"),IF(tblReferrals[[#This Row],[DaysToContact]]<0,"Check dates",IF(tblReferrals[[#This Row],[DaysToContact]]<=tblReferrals[[#This Row],[TargetDays]],"Contacted within target","Contacted late")))) | R32: =IF(tblReferrals[[#This Row],[PriorityLevel]]="","Missing priority",IF(tblReferrals[[#This Row],[ReferrerType]]="","Missing referrer type",IF(AND(tblReferrals[[#This Row],[DateFirstContact]]<>"",tblReferrals[[#This Row],[DaysToContact]]<0),"Contact before received",IF(AND(tblReferrals[[#This Row],[Status]]="Enrolled",tblReferrals[[#This Row],[ConsentObtained]]<>"Yes"),"Enrolled without consent",IF(COUNTIF(tblReferrals[ClientCode],tblReferrals[[#This Row],[ClientCode]])>1,"Possible duplicate client",IF(tblReferrals[[#This Row],[Ethnicity]]="","Ethnicity not recorded","OK"))))))
A33: R032 | B33: 46205 | C33: C1224 | D33: GP | E33: Māori | F33: Routine | G33: Yes | H33: 46209 | I33: Phone | J33: Enrolled | K33: Yes | L33: 46225 | M33: No | N33: =IF(tblReferrals[[#This Row],[DateFirstContact]]="","",tblReferrals[[#This Row],[DateFirstContact]]-tblReferrals[[#This Row],[DateReceived]]) | O33: =IF(tblReferrals[[#This Row],[DateFirstContact]]="",Settings!$B$3-tblReferrals[[#This Row],[DateReceived]],"") | P33: =IFERROR(INDEX(Settings!$B$6:$B$8,MATCH(tblReferrals[[#This Row],[PriorityLevel]],Settings!$A$6:$A$8,0)),"") | Q33: =IF(tblReferrals[[#This Row],[TargetDays]]="","Check priority",IF(tblReferrals[[#This Row],[DateFirstContact]]="",IF(tblReferrals[[#This Row],[DaysWaiting]]>tblReferrals[[#This Row],[TargetDays]],"Overdue - not contacted","Within target - awaiting contact"),IF(tblReferrals[[#This Row],[DaysToContact]]<0,"Check dates",IF(tblReferrals[[#This Row],[DaysToContact]]<=tblReferrals[[#This Row],[TargetDays]],"Contacted within target","Contacted late")))) | R33: =IF(tblReferrals[[#This Row],[PriorityLevel]]="","Missing priority",IF(tblReferrals[[#This Row],[ReferrerType]]="","Missing referrer type",IF(AND(tblReferrals[[#This Row],[DateFirstContact]]<>"",tblReferrals[[#This Row],[DaysToContact]]<0),"Contact before received",IF(AND(tblReferrals[[#This Row],[Status]]="Enrolled",tblReferrals[[#This Row],[ConsentObtained]]<>"Yes"),"Enrolled without consent",IF(COUNTIF(tblReferrals[ClientCode],tblReferrals[[#This Row],[ClientCode]])>1,"Possible duplicate client",IF(tblReferrals[[#This Row],[Ethnicity]]="","Ethnicity not recorded","OK"))))))
A34: R033 | B34: 46209 | C34: C1231 | D34: Community agency | E34: Māori | F34: Routine | G34: Yes | H34: 46212 | I34: Phone | J34: Enrolled | K34: Yes | L34: 46225 | M34: Yes | N34: =IF(tblReferrals[[#This Row],[DateFirstContact]]="","",tblReferrals[[#This Row],[DateFirstContact]]-tblReferrals[[#This Row],[DateReceived]]) | O34: =IF(tblReferrals[[#This Row],[DateFirstContact]]="",Settings!$B$3-tblReferrals[[#This Row],[DateReceived]],"") | P34: =IFERROR(INDEX(Settings!$B$6:$B$8,MATCH(tblReferrals[[#This Row],[PriorityLevel]],Settings!$A$6:$A$8,0)),"") | Q34: =IF(tblReferrals[[#This Row],[TargetDays]]="","Check priority",IF(tblReferrals[[#This Row],[DateFirstContact]]="",IF(tblReferrals[[#This Row],[DaysWaiting]]>tblReferrals[[#This Row],[TargetDays]],"Overdue - not contacted","Within target - awaiting contact"),IF(tblReferrals[[#This Row],[DaysToContact]]<0,"Check dates",IF(tblReferrals[[#This Row],[DaysToContact]]<=tblReferrals[[#This Row],[TargetDays]],"Contacted within target","Contacted late")))) | R34: =IF(tblReferrals[[#This Row],[PriorityLevel]]="","Missing priority",IF(tblReferrals[[#This Row],[ReferrerType]]="","Missing referrer type",IF(AND(tblReferrals[[#This Row],[DateFirstContact]]<>"",tblReferrals[[#This Row],[DaysToContact]]<0),"Contact before received",IF(AND(tblReferrals[[#This Row],[Status]]="Enrolled",tblReferrals[[#This Row],[ConsentObtained]]<>"Yes"),"Enrolled without consent",IF(COUNTIF(tblReferrals[ClientCode],tblReferrals[[#This Row],[ClientCode]])>1,"Possible duplicate client",IF(tblReferrals[[#This Row],[Ethnicity]]="","Ethnicity not recorded","OK"))))))
A35: R034 | B35: 46210 | C35: C1238 | D35: GP | E35: European | F35: Routine | G35: Yes | H35: 46216 | I35: Text | J35: Enrolled | K35: Yes | L35: 46227 | M35: No | N35: =IF(tblReferrals[[#This Row],[DateFirstContact]]="","",tblReferrals[[#This Row],[DateFirstContact]]-tblReferrals[[#This Row],[DateReceived]]) | O35: =IF(tblReferrals[[#This Row],[DateFirstContact]]="",Settings!$B$3-tblReferrals[[#This Row],[DateReceived]],"") | P35: =IFERROR(INDEX(Settings!$B$6:$B$8,MATCH(tblReferrals[[#This Row],[PriorityLevel]],Settings!$A$6:$A$8,0)),"") | Q35: =IF(tblReferrals[[#This Row],[TargetDays]]="","Check priority",IF(tblReferrals[[#This Row],[DateFirstContact]]="",IF(tblReferrals[[#This Row],[DaysWaiting]]>tblReferrals[[#This Row],[TargetDays]],"Overdue - not contacted","Within target - awaiting contact"),IF(tblReferrals[[#This Row],[DaysToContact]]<0,"Check dates",IF(tblReferrals[[#This Row],[DaysToContact]]<=tblReferrals[[#This Row],[TargetDays]],"Contacted within target","Contacted late")))) | R35: =IF(tblReferrals[[#This Row],[PriorityLevel]]="","Missing priority",IF(tblReferrals[[#This Row],[ReferrerType]]="","Missing referrer type",IF(AND(tblReferrals[[#This Row],[DateFirstContact]]<>"",tblReferrals[[#This Row],[DaysToContact]]<0),"Contact before received",IF(AND(tblReferrals[[#This Row],[Status]]="Enrolled",tblReferrals[[#This Row],[ConsentObtained]]<>"Yes"),"Enrolled without consent",IF(COUNTIF(tblReferrals[ClientCode],tblReferrals[[#This Row],[ClientCode]])>1,"Possible duplicate client",IF(tblReferrals[[#This Row],[Ethnicity]]="","Ethnicity not recorded","OK"))))))
A36: R035 | B36: 46211 | C36: C1014 | D36: Midwife | E36: European | F36: High | G36: Yes | H36: 46219 | I36: Email | J36: Unable to contact | K36: Pending | M36: No | N36: =IF(tblReferrals[[#This Row],[DateFirstContact]]="","",tblReferrals[[#This Row],[DateFirstContact]]-tblReferrals[[#This Row],[DateReceived]]) | O36: =IF(tblReferrals[[#This Row],[DateFirstContact]]="",Settings!$B$3-tblReferrals[[#This Row],[DateReceived]],"") | P36: =IFERROR(INDEX(Settings!$B$6:$B$8,MATCH(tblReferrals[[#This Row],[PriorityLevel]],Settings!$A$6:$A$8,0)),"") | Q36: =IF(tblReferrals[[#This Row],[TargetDays]]="","Check priority",IF(tblReferrals[[#This Row],[DateFirstContact]]="",IF(tblReferrals[[#This Row],[DaysWaiting]]>tblReferrals[[#This Row],[TargetDays]],"Overdue - not contacted","Within target - awaiting contact"),IF(tblReferrals[[#This Row],[DaysToContact]]<0,"Check dates",IF(tblReferrals[[#This Row],[DaysToContact]]<=tblReferrals[[#This Row],[TargetDays]],"Contacted within target","Contacted late")))) | R36: =IF(tblReferrals[[#This Row],[PriorityLevel]]="","Missing priority",IF(tblReferrals[[#This Row],[ReferrerType]]="","Missing referrer type",IF(AND(tblReferrals[[#This Row],[DateFirstContact]]<>"",tblReferrals[[#This Row],[DaysToContact]]<0),"Contact before received",IF(AND(tblReferrals[[#This Row],[Status]]="Enrolled",tblReferrals[[#This Row],[ConsentObtained]]<>"Yes"),"Enrolled without consent",IF(COUNTIF(tblReferrals[ClientCode],tblReferrals[[#This Row],[ClientCode]])>1,"Possible duplicate client",IF(tblReferrals[[#This Row],[Ethnicity]]="","Ethnicity not recorded","OK"))))))
A37: R036 | B37: 46211 | C37: C1252 | D37: Other health provider | E37: Asian | F37: Urgent | G37: No | H37: 46213 | I37: Email | J37: Awaiting info | K37: Pending | M37: No | N37: =IF(tblReferrals[[#This Row],[DateFirstContact]]="","",tblReferrals[[#This Row],[DateFirstContact]]-tblReferrals[[#This Row],[DateReceived]]) | O37: =IF(tblReferrals[[#This Row],[DateFirstContact]]="",Settings!$B$3-tblReferrals[[#This Row],[DateReceived]],"") | P37: =IFERROR(INDEX(Settings!$B$6:$B$8,MATCH(tblReferrals[[#This Row],[PriorityLevel]],Settings!$A$6:$A$8,0)),"") | Q37: =IF(tblReferrals[[#This Row],[TargetDays]]="","Check priority",IF(tblReferrals[[#This Row],[DateFirstContact]]="",IF(tblReferrals[[#This Row],[DaysWaiting]]>tblReferrals[[#This Row],[TargetDays]],"Overdue - not contacted","Within target - awaiting contact"),IF(tblReferrals[[#This Row],[DaysToContact]]<0,"Check dates",IF(tblReferrals[[#This Row],[DaysToContact]]<=tblReferrals[[#This Row],[TargetDays]],"Contacted within target","Contacted late")))) | R37: =IF(tblReferrals[[#This Row],[PriorityLevel]]="","Missing priority",IF(tblReferrals[[#This Row],[ReferrerType]]="","Missing referrer type",IF(AND(tblReferrals[[#This Row],[DateFirstContact]]<>"",tblReferrals[[#This Row],[DaysToContact]]<0),"Contact before received",IF(AND(tblReferrals[[#This Row],[Status]]="Enrolled",tblReferrals[[#This Row],[ConsentObtained]]<>"Yes"),"Enrolled without consent",IF(COUNTIF(tblReferrals[ClientCode],tblReferrals[[#This Row],[ClientCode]])>1,"Possible duplicate client",IF(tblReferrals[[#This Row],[Ethnicity]]="","Ethnicity not recorded","OK"))))))
A38: R037 | B38: 46212 | C38: C1259 | D38: Community agency | E38: Pacific | F38: Routine | G38: Yes | H38: 46219 | I38: Phone | J38: Contacted | K38: Pending | M38: No | N38: =IF(tblReferrals[[#This Row],[DateFirstContact]]="","",tblReferrals[[#This Row],[DateFirstContact]]-tblReferrals[[#This Row],[DateReceived]]) | O38: =IF(tblReferrals[[#This Row],[DateFirstContact]]="",Settings!$B$3-tblReferrals[[#This Row],[DateReceived]],"") | P38: =IFERROR(INDEX(Settings!$B$6:$B$8,MATCH(tblReferrals[[#This Row],[PriorityLevel]],Settings!$A$6:$A$8,0)),"") | Q38: =IF(tblReferrals[[#This Row],[TargetDays]]="","Check priority",IF(tblReferrals[[#This Row],[DateFirstContact]]="",IF(tblReferrals[[#This Row],[DaysWaiting]]>tblReferrals[[#This Row],[TargetDays]],"Overdue - not contacted","Within target - awaiting contact"),IF(tblReferrals[[#This Row],[DaysToContact]]<0,"Check dates",IF(tblReferrals[[#This Row],[DaysToContact]]<=tblReferrals[[#This Row],[TargetDays]],"Contacted within target","Contacted late")))) | R38: =IF(tblReferrals[[#This Row],[PriorityLevel]]="","Missing priority",IF(tblReferrals[[#This Row],[ReferrerType]]="","Missing referrer type",IF(AND(tblReferrals[[#This Row],[DateFirstContact]]<>"",tblReferrals[[#This Row],[DaysToContact]]<0),"Contact before received",IF(AND(tblReferrals[[#This Row],[Status]]="Enrolled",tblReferrals[[#This Row],[ConsentObtained]]<>"Yes"),"Enrolled without consent",IF(COUNTIF(tblReferrals[ClientCode],tblReferrals[[#This Row],[ClientCode]])>1,"Possible duplicate client",IF(tblReferrals[[#This Row],[Ethnicity]]="","Ethnicity not recorded","OK"))))))
A39: R038 | B39: 46213 | C39: C1266 | D39: Midwife | E39: Asian | F39: Routine | G39: Yes | H39: 46218 | I39: Phone | J39: Enrolled | K39: Yes | L39: 46225 | M39: No | N39: =IF(tblReferrals[[#This Row],[DateFirstContact]]="","",tblReferrals[[#This Row],[DateFirstContact]]-tblReferrals[[#This Row],[DateReceived]]) | O39: =IF(tblReferrals[[#This Row],[DateFirstContact]]="",Settings!$B$3-tblReferrals[[#This Row],[DateReceived]],"") | P39: =IFERROR(INDEX(Settings!$B$6:$B$8,MATCH(tblReferrals[[#This Row],[PriorityLevel]],Settings!$A$6:$A$8,0)),"") | Q39: =IF(tblReferrals[[#This Row],[TargetDays]]="","Check priority",IF(tblReferrals[[#This Row],[DateFirstContact]]="",IF(tblReferrals[[#This Row],[DaysWaiting]]>tblReferrals[[#This Row],[TargetDays]],"Overdue - not contacted","Within target - awaiting contact"),IF(tblReferrals[[#This Row],[DaysToContact]]<0,"Check dates",IF(tblReferrals[[#This Row],[DaysToContact]]<=tblReferrals[[#This Row],[TargetDays]],"Contacted within target","Contacted late")))) | R39: =IF(tblReferrals[[#This Row],[PriorityLevel]]="","Missing priority",IF(tblReferrals[[#This Row],[ReferrerType]]="","Missing referrer type",IF(AND(tblReferrals[[#This Row],[DateFirstContact]]<>"",tblReferrals[[#This Row],[DaysToContact]]<0),"Contact before received",IF(AND(tblReferrals[[#This Row],[Status]]="Enrolled",tblReferrals[[#This Row],[ConsentObtained]]<>"Yes"),"Enrolled without consent",IF(COUNTIF(tblReferrals[ClientCode],tblReferrals[[#This Row],[ClientCode]])>1,"Possible duplicate client",IF(tblReferrals[[#This Row],[Ethnicity]]="","Ethnicity not recorded","OK"))))))
A40: R039 | B40: 46213 | C40: C1273 | D40: Midwife | E40: Māori | F40: Routine | G40: Yes | H40: 46224 | I40: Phone | J40: Contacted | K40: Pending | L40: 46230 | M40: No | N40: =IF(tblReferrals[[#This Row],[DateFirstContact]]="","",tblReferrals[[#This Row],[DateFirstContact]]-tblReferrals[[#This Row],[DateReceived]]) | O40: =IF(tblReferrals[[#This Row],[DateFirstContact]]="",Settings!$B$3-tblReferrals[[#This Row],[DateReceived]],"") | P40: =IFERROR(INDEX(Settings!$B$6:$B$8,MATCH(tblReferrals[[#This Row],[PriorityLevel]],Settings!$A$6:$A$8,0)),"") | Q40: =IF(tblReferrals[[#This Row],[TargetDays]]="","Check priority",IF(tblReferrals[[#This Row],[DateFirstContact]]="",IF(tblReferrals[[#This Row],[DaysWaiting]]>tblReferrals[[#This Row],[TargetDays]],"Overdue - not contacted","Within target - awaiting contact"),IF(tblReferrals[[#This Row],[DaysToContact]]<0,"Check dates",IF(tblReferrals[[#This Row],[DaysToContact]]<=tblReferrals[[#This Row],[TargetDays]],"Contacted within target","Contacted late")))) | R40: =IF(tblReferrals[[#This Row],[PriorityLevel]]="","Missing priority",IF(tblReferrals[[#This Row],[ReferrerType]]="","Missing referrer type",IF(AND(tblReferrals[[#This Row],[DateFirstContact]]<>"",tblReferrals[[#This Row],[DaysToContact]]<0),"Contact before received",IF(AND(tblReferrals[[#This Row],[Status]]="Enrolled",tblReferrals[[#This Row],[ConsentObtained]]<>"Yes"),"Enrolled without consent",IF(COUNTIF(tblReferrals[ClientCode],tblReferrals[[#This Row],[ClientCode]])>1,"Possible duplicate client",IF(tblReferrals[[#This Row],[Ethnicity]]="","Ethnicity not recorded","OK"))))))
A41: R040 | B41: 46213 | C41: C1280 | D41: Community agency | E41: European | F41: Routine | G41: Yes | H41: 46227 | I41: Text | J41: Enrolled | K41: Yes | L41: 46239 | M41: No | N41: =IF(tblReferrals[[#This Row],[DateFirstContact]]="","",tblReferrals[[#This Row],[DateFirstContact]]-tblReferrals[[#This Row],[DateReceived]]) | O41: =IF(tblReferrals[[#This Row],[DateFirstContact]]="",Settings!$B$3-tblReferrals[[#This Row],[DateReceived]],"") | P41: =IFERROR(INDEX(Settings!$B$6:$B$8,MATCH(tblReferrals[[#This Row],[PriorityLevel]],Settings!$A$6:$A$8,0)),"") | Q41: =IF(tblReferrals[[#This Row],[TargetDays]]="","Check priority",IF(tblReferrals[[#This Row],[DateFirstContact]]="",IF(tblReferrals[[#This Row],[DaysWaiting]]>tblReferrals[[#This Row],[TargetDays]],"Overdue - not contacted","Within target - awaiting contact"),IF(tblReferrals[[#This Row],[DaysToContact]]<0,"Check dates",IF(tblReferrals[[#This Row],[DaysToContact]]<=tblReferrals[[#This Row],[TargetDays]],"Contacted within target","Contacted late")))) | R41: =IF(tblReferrals[[#This Row],[PriorityLevel]]="","Missing priority",IF(tblReferrals[[#This Row],[ReferrerType]]="","Missing referrer type",IF(AND(tblReferrals[[#This Row],[DateFirstContact]]<>"",tblReferrals[[#This Row],[DaysToContact]]<0),"Contact before received",IF(AND(tblReferrals[[#This Row],[Status]]="Enrolled",tblReferrals[[#This Row],[ConsentObtained]]<>"Yes"),"Enrolled without consent",IF(COUNTIF(tblReferrals[ClientCode],tblReferrals[[#This Row],[ClientCode]])>1,"Possible duplicate client",IF(tblReferrals[[#This Row],[Ethnicity]]="","Ethnicity not recorded","OK"))))))
A42: R041 | B42: 46213 | C42: C1287 | D42: GP | E42: European | F42: Routine | G42: Yes | H42: 46217 | I42: Phone | J42: Enrolled | K42: No | L42: 46230 | M42: No | N42: =IF(tblReferrals[[#This Row],[DateFirstContact]]="","",tblReferrals[[#This Row],[DateFirstContact]]-tblReferrals[[#This Row],[DateReceived]]) | O42: =IF(tblReferrals[[#This Row],[DateFirstContact]]="",Settings!$B$3-tblReferrals[[#This Row],[DateReceived]],"") | P42: =IFERROR(INDEX(Settings!$B$6:$B$8,MATCH(tblReferrals[[#This Row],[PriorityLevel]],Settings!$A$6:$A$8,0)),"") | Q42: =IF(tblReferrals[[#This Row],[TargetDays]]="","Check priority",IF(tblReferrals[[#This Row],[DateFirstContact]]="",IF(tblReferrals[[#This Row],[DaysWaiting]]>tblReferrals[[#This Row],[TargetDays]],"Overdue - not contacted","Within target - awaiting contact"),IF(tblReferrals[[#This Row],[DaysToContact]]<0,"Check dates",IF(tblReferrals[[#This Row],[DaysToContact]]<=tblReferrals[[#This Row],[TargetDays]],"Contacted within target","Contacted late")))) | R42: =IF(tblReferrals[[#This Row],[PriorityLevel]]="","Missing priority",IF(tblReferrals[[#This Row],[ReferrerType]]="","Missing referrer type",IF(AND(tblReferrals[[#This Row],[DateFirstContact]]<>"",tblReferrals[[#This Row],[DaysToContact]]<0),"Contact before received",IF(AND(tblReferrals[[#This Row],[Status]]="Enrolled",tblReferrals[[#This Row],[ConsentObtained]]<>"Yes"),"Enrolled without consent",IF(COUNTIF(tblReferrals[ClientCode],tblReferrals[[#This Row],[ClientCode]])>1,"Possible duplicate client",IF(tblReferrals[[#This Row],[Ethnicity]]="","Ethnicity not recorded","OK"))))))
A43: R042 | B43: 46213 | C43: C1294 | D43: Midwife | E43: European | F43: Routine | G43: Yes | H43: 46225 | I43: Email | J43: Contacted | K43: Pending | M43: No | N43: =IF(tblReferrals[[#This Row],[DateFirstContact]]="","",tblReferrals[[#This Row],[DateFirstContact]]-tblReferrals[[#This Row],[DateReceived]]) | O43: =IF(tblReferrals[[#This Row],[DateFirstContact]]="",Settings!$B$3-tblReferrals[[#This Row],[DateReceived]],"") | P43: =IFERROR(INDEX(Settings!$B$6:$B$8,MATCH(tblReferrals[[#This Row],[PriorityLevel]],Settings!$A$6:$A$8,0)),"") | Q43: =IF(tblReferrals[[#This Row],[TargetDays]]="","Check priority",IF(tblReferrals[[#This Row],[DateFirstContact]]="",IF(tblReferrals[[#This Row],[DaysWaiting]]>tblReferrals[[#This Row],[TargetDays]],"Overdue - not contacted","Within target - awaiting contact"),IF(tblReferrals[[#This Row],[DaysToContact]]<0,"Check dates",IF(tblReferrals[[#This Row],[DaysToContact]]<=tblReferrals[[#This Row],[TargetDays]],"Contacted within target","Contacted late")))) | R43: =IF(tblReferrals[[#This Row],[PriorityLevel]]="","Missing priority",IF(tblReferrals[[#This Row],[ReferrerType]]="","Missing referrer type",IF(AND(tblReferrals[[#This Row],[DateFirstContact]]<>"",tblReferrals[[#This Row],[DaysToContact]]<0),"Contact before received",IF(AND(tblReferrals[[#This Row],[Status]]="Enrolled",tblReferrals[[#This Row],[ConsentObtained]]<>"Yes"),"Enrolled without consent",IF(COUNTIF(tblReferrals[ClientCode],tblReferrals[[#This Row],[ClientCode]])>1,"Possible duplicate client",IF(tblReferrals[[#This Row],[Ethnicity]]="","Ethnicity not recorded","OK"))))))
A44: R043 | B44: 46213 | C44: C1301 | D44: Midwife | E44: Other | F44: High | G44: Yes | H44: 46223 | I44: Phone | J44: Enrolled | K44: Yes | L44: 46234 | M44: Yes | N44: =IF(tblReferrals[[#This Row],[DateFirstContact]]="","",tblReferrals[[#This Row],[DateFirstContact]]-tblReferrals[[#This Row],[DateReceived]]) | O44: =IF(tblReferrals[[#This Row],[DateFirstContact]]="",Settings!$B$3-tblReferrals[[#This Row],[DateReceived]],"") | P44: =IFERROR(INDEX(Settings!$B$6:$B$8,MATCH(tblReferrals[[#This Row],[PriorityLevel]],Settings!$A$6:$A$8,0)),"") | Q44: =IF(tblReferrals[[#This Row],[TargetDays]]="","Check priority",IF(tblReferrals[[#This Row],[DateFirstContact]]="",IF(tblReferrals[[#This Row],[DaysWaiting]]>tblReferrals[[#This Row],[TargetDays]],"Overdue - not contacted","Within target - awaiting contact"),IF(tblReferrals[[#This Row],[DaysToContact]]<0,"Check dates",IF(tblReferrals[[#This Row],[DaysToContact]]<=tblReferrals[[#This Row],[TargetDays]],"Contacted within target","Contacted late")))) | R44: =IF(tblReferrals[[#This Row],[PriorityLevel]]="","Missing priority",IF(tblReferrals[[#This Row],[ReferrerType]]="","Missing referrer type",IF(AND(tblReferrals[[#This Row],[DateFirstContact]]<>"",tblReferrals[[#This Row],[DaysToContact]]<0),"Contact before received",IF(AND(tblReferrals[[#This Row],[Status]]="Enrolled",tblReferrals[[#This Row],[ConsentObtained]]<>"Yes"),"Enrolled without consent",IF(COUNTIF(tblReferrals[ClientCode],tblReferrals[[#This Row],[ClientCode]])>1,"Possible duplicate client",IF(tblReferrals[[#This Row],[Ethnicity]]="","Ethnicity not recorded","OK"))))))
A45: R044 | B45: 46216 | C45: C1308 | D45: GP | E45: Māori | F45: Routine | G45: Yes | H45: 46224 | I45: Email | J45: Unable to contact | K45: Pending | M45: No | N45: =IF(tblReferrals[[#This Row],[DateFirstContact]]="","",tblReferrals[[#This Row],[DateFirstContact]]-tblReferrals[[#This Row],[DateReceived]]) | O45: =IF(tblReferrals[[#This Row],[DateFirstContact]]="",Settings!$B$3-tblReferrals[[#This Row],[DateReceived]],"") | P45: =IFERROR(INDEX(Settings!$B$6:$B$8,MATCH(tblReferrals[[#This Row],[PriorityLevel]],Settings!$A$6:$A$8,0)),"") | Q45: =IF(tblReferrals[[#This Row],[TargetDays]]="","Check priority",IF(tblReferrals[[#This Row],[DateFirstContact]]="",IF(tblReferrals[[#This Row],[DaysWaiting]]>tblReferrals[[#This Row],[TargetDays]],"Overdue - not contacted","Within target - awaiting contact"),IF(tblReferrals[[#This Row],[DaysToContact]]<0,"Check dates",IF(tblReferrals[[#This Row],[DaysToContact]]<=tblReferrals[[#This Row],[TargetDays]],"Contacted within target","Contacted late")))) | R45: =IF(tblReferrals[[#This Row],[PriorityLevel]]="","Missing priority",IF(tblReferrals[[#This Row],[ReferrerType]]="","Missing referrer type",IF(AND(tblReferrals[[#This Row],[DateFirstContact]]<>"",tblReferrals[[#This Row],[DaysToContact]]<0),"Contact before received",IF(AND(tblReferrals[[#This Row],[Status]]="Enrolled",tblReferrals[[#This Row],[ConsentObtained]]<>"Yes"),"Enrolled without consent",IF(COUNTIF(tblReferrals[ClientCode],tblReferrals[[#This Row],[ClientCode]])>1,"Possible duplicate client",IF(tblReferrals[[#This Row],[Ethnicity]]="","Ethnicity not recorded","OK"))))))
A46: R045 | B46: 46216 | C46: C1315 | D46: Hospital | E46: Māori | F46: Routine | G46: No | H46: 46225 | I46: Text | J46: Awaiting info | K46: Pending | M46: No | N46: =IF(tblReferrals[[#This Row],[DateFirstContact]]="","",tblReferrals[[#This Row],[DateFirstContact]]-tblReferrals[[#This Row],[DateReceived]]) | O46: =IF(tblReferrals[[#This Row],[DateFirstContact]]="",Settings!$B$3-tblReferrals[[#This Row],[DateReceived]],"") | P46: =IFERROR(INDEX(Settings!$B$6:$B$8,MATCH(tblReferrals[[#This Row],[PriorityLevel]],Settings!$A$6:$A$8,0)),"") | Q46: =IF(tblReferrals[[#This Row],[TargetDays]]="","Check priority",IF(tblReferrals[[#This Row],[DateFirstContact]]="",IF(tblReferrals[[#This Row],[DaysWaiting]]>tblReferrals[[#This Row],[TargetDays]],"Overdue - not contacted","Within target - awaiting contact"),IF(tblReferrals[[#This Row],[DaysToContact]]<0,"Check dates",IF(tblReferrals[[#This Row],[DaysToContact]]<=tblReferrals[[#This Row],[TargetDays]],"Contacted within target","Contacted late")))) | R46: =IF(tblReferrals[[#This Row],[PriorityLevel]]="","Missing priority",IF(tblReferrals[[#This Row],[ReferrerType]]="","Missing referrer type",IF(AND(tblReferrals[[#This Row],[DateFirstContact]]<>"",tblReferrals[[#This Row],[DaysToContact]]<0),"Contact before received",IF(AND(tblReferrals[[#This Row],[Status]]="Enrolled",tblReferrals[[#This Row],[ConsentObtained]]<>"Yes"),"Enrolled without consent",IF(COUNTIF(tblReferrals[ClientCode],tblReferrals[[#This Row],[ClientCode]])>1,"Possible duplicate client",IF(tblReferrals[[#This Row],[Ethnicity]]="","Ethnicity not recorded","OK"))))))
A47: R046 | B47: 46217 | C47: C1322 | D47: Other health provider | E47: Māori | F47: High | G47: Yes | H47: 46218 | I47: Phone | J47: Enrolled | K47: Yes | L47: 46225 | M47: No | N47: =IF(tblReferrals[[#This Row],[DateFirstContact]]="","",tblReferrals[[#This Row],[DateFirstContact]]-tblReferrals[[#This Row],[DateReceived]]) | O47: =IF(tblReferrals[[#This Row],[DateFirstContact]]="",Settings!$B$3-tblReferrals[[#This Row],[DateReceived]],"") | P47: =IFERROR(INDEX(Settings!$B$6:$B$8,MATCH(tblReferrals[[#This Row],[PriorityLevel]],Settings!$A$6:$A$8,0)),"") | Q47: =IF(tblReferrals[[#This Row],[TargetDays]]="","Check priority",IF(tblReferrals[[#This Row],[DateFirstContact]]="",IF(tblReferrals[[#This Row],[DaysWaiting]]>tblReferrals[[#This Row],[TargetDays]],"Overdue - not contacted","Within target - awaiting contact"),IF(tblReferrals[[#This Row],[DaysToContact]]<0,"Check dates",IF(tblReferrals[[#This Row],[DaysToContact]]<=tblReferrals[[#This Row],[TargetDays]],"Contacted within target","Contacted late")))) | R47: =IF(tblReferrals[[#This Row],[PriorityLevel]]="","Missing priority",IF(tblReferrals[[#This Row],[ReferrerType]]="","Missing referrer type",IF(AND(tblReferrals[[#This Row],[DateFirstContact]]<>"",tblReferrals[[#This Row],[DaysToContact]]<0),"Contact before received",IF(AND(tblReferrals[[#This Row],[Status]]="Enrolled",tblReferrals[[#This Row],[ConsentObtained]]<>"Yes"),"Enrolled without consent",IF(COUNTIF(tblReferrals[ClientCode],tblReferrals[[#This Row],[ClientCode]])>1,"Possible duplicate client",IF(tblReferrals[[#This Row],[Ethnicity]]="","Ethnicity not recorded","OK"))))))
A48: R047 | B48: 46217 | C48: C1329 | D48: Other health provider | E48: Pacific | F48: Urgent | G48: Yes | H48: 46218 | I48: In person | J48: Declined | K48: No | M48: Yes | N48: =IF(tblReferrals[[#This Row],[DateFirstContact]]="","",tblReferrals[[#This Row],[DateFirstContact]]-tblReferrals[[#This Row],[DateReceived]]) | O48: =IF(tblReferrals[[#This Row],[DateFirstContact]]="",Settings!$B$3-tblReferrals[[#This Row],[DateReceived]],"") | P48: =IFERROR(INDEX(Settings!$B$6:$B$8,MATCH(tblReferrals[[#This Row],[PriorityLevel]],Settings!$A$6:$A$8,0)),"") | Q48: =IF(tblReferrals[[#This Row],[TargetDays]]="","Check priority",IF(tblReferrals[[#This Row],[DateFirstContact]]="",IF(tblReferrals[[#This Row],[DaysWaiting]]>tblReferrals[[#This Row],[TargetDays]],"Overdue - not contacted","Within target - awaiting contact"),IF(tblReferrals[[#This Row],[DaysToContact]]<0,"Check dates",IF(tblReferrals[[#This Row],[DaysToContact]]<=tblReferrals[[#This Row],[TargetDays]],"Contacted within target","Contacted late")))) | R48: =IF(tblReferrals[[#This Row],[PriorityLevel]]="","Missing priority",IF(tblReferrals[[#This Row],[ReferrerType]]="","Missing referrer type",IF(AND(tblReferrals[[#This Row],[DateFirstContact]]<>"",tblReferrals[[#This Row],[DaysToContact]]<0),"Contact before received",IF(AND(tblReferrals[[#This Row],[Status]]="Enrolled",tblReferrals[[#This Row],[ConsentObtained]]<>"Yes"),"Enrolled without consent",IF(COUNTIF(tblReferrals[ClientCode],tblReferrals[[#This Row],[ClientCode]])>1,"Possible duplicate client",IF(tblReferrals[[#This Row],[Ethnicity]]="","Ethnicity not recorded","OK"))))))
A49: R048 | B49: 46217 | C49: C1336 | D49: GP | E49: Asian | F49: Routine | G49: Yes | H49: 46225 | I49: Email | J49: Declined | K49: No | M49: No | N49: =IF(tblReferrals[[#This Row],[DateFirstContact]]="","",tblReferrals[[#This Row],[DateFirstContact]]-tblReferrals[[#This Row],[DateReceived]]) | O49: =IF(tblReferrals[[#This Row],[DateFirstContact]]="",Settings!$B$3-tblReferrals[[#This Row],[DateReceived]],"") | P49: =IFERROR(INDEX(Settings!$B$6:$B$8,MATCH(tblReferrals[[#This Row],[PriorityLevel]],Settings!$A$6:$A$8,0)),"") | Q49: =IF(tblReferrals[[#This Row],[TargetDays]]="","Check priority",IF(tblReferrals[[#This Row],[DateFirstContact]]="",IF(tblReferrals[[#This Row],[DaysWaiting]]>tblReferrals[[#This Row],[TargetDays]],"Overdue - not contacted","Within target - awaiting contact"),IF(tblReferrals[[#This Row],[DaysToContact]]<0,"Check dates",IF(tblReferrals[[#This Row],[DaysToContact]]<=tblReferrals[[#This Row],[TargetDays]],"Contacted within target","Contacted late")))) | R49: =IF(tblReferrals[[#This Row],[PriorityLevel]]="","Missing priority",IF(tblReferrals[[#This Row],[ReferrerType]]="","Missing referrer type",IF(AND(tblReferrals[[#This Row],[DateFirstContact]]<>"",tblReferrals[[#This Row],[DaysToContact]]<0),"Contact before received",IF(AND(tblReferrals[[#This Row],[Status]]="Enrolled",tblReferrals[[#This Row],[ConsentObtained]]<>"Yes"),"Enrolled without consent",IF(COUNTIF(tblReferrals[ClientCode],tblReferrals[[#This Row],[ClientCode]])>1,"Possible duplicate client",IF(tblReferrals[[#This Row],[Ethnicity]]="","Ethnicity not recorded","OK"))))))
A50: R049 | B50: 46217 | C50: C1343 | D50: Midwife | E50: European | F50: Routine | G50: Yes | H50: 46215 | I50: Email | J50: Contacted | K50: Pending | M50: No | N50: =IF(tblReferrals[[#This Row],[DateFirstContact]]="","",tblReferrals[[#This Row],[DateFirstContact]]-tblReferrals[[#This Row],[DateReceived]]) | O50: =IF(tblReferrals[[#This Row],[DateFirstContact]]="",Settings!$B$3-tblReferrals[[#This Row],[DateReceived]],"") | P50: =IFERROR(INDEX(Settings!$B$6:$B$8,MATCH(tblReferrals[[#This Row],[PriorityLevel]],Settings!$A$6:$A$8,0)),"") | Q50: =IF(tblReferrals[[#This Row],[TargetDays]]="","Check priority",IF(tblReferrals[[#This Row],[DateFirstContact]]="",IF(tblReferrals[[#This Row],[DaysWaiting]]>tblReferrals[[#This Row],[TargetDays]],"Overdue - not contacted","Within target - awaiting contact"),IF(tblReferrals[[#This Row],[DaysToContact]]<0,"Check dates",IF(tblReferrals[[#This Row],[DaysToContact]]<=tblReferrals[[#This Row],[TargetDays]],"Contacted within target","Contacted late")))) | R50: =IF(tblReferrals[[#This Row],[PriorityLevel]]="","Missing priority",IF(tblReferrals[[#This Row],[ReferrerType]]="","Missing referrer type",IF(AND(tblReferrals[[#This Row],[DateFirstContact]]<>"",tblReferrals[[#This Row],[DaysToContact]]<0),"Contact before received",IF(AND(tblReferrals[[#This Row],[Status]]="Enrolled",tblReferrals[[#This Row],[ConsentObtained]]<>"Yes"),"Enrolled without consent",IF(COUNTIF(tblReferrals[ClientCode],tblReferrals[[#This Row],[ClientCode]])>1,"Possible duplicate client",IF(tblReferrals[[#This Row],[Ethnicity]]="","Ethnicity not recorded","OK"))))))
A51: R050 | B51: 46217 | C51: C1350 | D51: Midwife | E51: European | F51: Urgent | G51: Yes | H51: 46218 | I51: Phone | J51: Enrolled | K51: Yes | L51: 46232 | M51: Yes | N51: =IF(tblReferrals[[#This Row],[DateFirstContact]]="","",tblReferrals[[#This Row],[DateFirstContact]]-tblReferrals[[#This Row],[DateReceived]]) | O51: =IF(tblReferrals[[#This Row],[DateFirstContact]]="",Settings!$B$3-tblReferrals[[#This Row],[DateReceived]],"") | P51: =IFERROR(INDEX(Settings!$B$6:$B$8,MATCH(tblReferrals[[#This Row],[PriorityLevel]],Settings!$A$6:$A$8,0)),"") | Q51: =IF(tblReferrals[[#This Row],[TargetDays]]="","Check priority",IF(tblReferrals[[#This Row],[DateFirstContact]]="",IF(tblReferrals[[#This Row],[DaysWaiting]]>tblReferrals[[#This Row],[TargetDays]],"Overdue - not contacted","Within target - awaiting contact"),IF(tblReferrals[[#This Row],[DaysToContact]]<0,"Check dates",IF(tblReferrals[[#This Row],[DaysToContact]]<=tblReferrals[[#This Row],[TargetDays]],"Contacted within target","Contacted late")))) | R51: =IF(tblReferrals[[#This Row],[PriorityLevel]]="","Missing priority",IF(tblReferrals[[#This Row],[ReferrerType]]="","Missing referrer type",IF(AND(tblReferrals[[#This Row],[DateFirstContact]]<>"",tblReferrals[[#This Row],[DaysToContact]]<0),"Contact before received",IF(AND(tblReferrals[[#This Row],[Status]]="Enrolled",tblReferrals[[#This Row],[ConsentObtained]]<>"Yes"),"Enrolled without consent",IF(COUNTIF(tblReferrals[ClientCode],tblReferrals[[#This Row],[ClientCode]])>1,"Possible duplicate client",IF(tblReferrals[[#This Row],[Ethnicity]]="","Ethnicity not recorded","OK"))))))
A52: R051 | B52: 46217 | C52: C1357 | D52: Midwife | E52: European | F52: High | G52: Yes | H52: 46220 | I52: Phone | J52: Declined | K52: No | M52: No | N52: =IF(tblReferrals[[#This Row],[DateFirstContact]]="","",tblReferrals[[#This Row],[DateFirstContact]]-tblReferrals[[#This Row],[DateReceived]]) | O52: =IF(tblReferrals[[#This Row],[DateFirstContact]]="",Settings!$B$3-tblReferrals[[#This Row],[DateReceived]],"") | P52: =IFERROR(INDEX(Settings!$B$6:$B$8,MATCH(tblReferrals[[#This Row],[PriorityLevel]],Settings!$A$6:$A$8,0)),"") | Q52: =IF(tblReferrals[[#This Row],[TargetDays]]="","Check priority",IF(tblReferrals[[#This Row],[DateFirstContact]]="",IF(tblReferrals[[#This Row],[DaysWaiting]]>tblReferrals[[#This Row],[TargetDays]],"Overdue - not contacted","Within target - awaiting contact"),IF(tblReferrals[[#This Row],[DaysToContact]]<0,"Check dates",IF(tblReferrals[[#This Row],[DaysToContact]]<=tblReferrals[[#This Row],[TargetDays]],"Contacted within target","Contacted late")))) | R52: =IF(tblReferrals[[#This Row],[PriorityLevel]]="","Missing priority",IF(tblReferrals[[#This Row],[ReferrerType]]="","Missing referrer type",IF(AND(tblReferrals[[#This Row],[DateFirstContact]]<>"",tblReferrals[[#This Row],[DaysToContact]]<0),"Contact before received",IF(AND(tblReferrals[[#This Row],[Status]]="Enrolled",tblReferrals[[#This Row],[ConsentObtained]]<>"Yes"),"Enrolled without consent",IF(COUNTIF(tblReferrals[ClientCode],tblReferrals[[#This Row],[ClientCode]])>1,"Possible duplicate client",IF(tblReferrals[[#This Row],[Ethnicity]]="","Ethnicity not recorded","OK"))))))
A53: R052 | B53: 46217 | C53: C1364 | D53: Midwife | E53: European | G53: Yes | H53: 46219 | I53: Phone | J53: Contacted | K53: Pending | M53: No | N53: =IF(tblReferrals[[#This Row],[DateFirstContact]]="","",tblReferrals[[#This Row],[DateFirstContact]]-tblReferrals[[#This Row],[DateReceived]]) | O53: =IF(tblReferrals[[#This Row],[DateFirstContact]]="",Settings!$B$3-tblReferrals[[#This Row],[DateReceived]],"") | P53: =IFERROR(INDEX(Settings!$B$6:$B$8,MATCH(tblReferrals[[#This Row],[PriorityLevel]],Settings!$A$6:$A$8,0)),"") | Q53: =IF(tblReferrals[[#This Row],[TargetDays]]="","Check priority",IF(tblReferrals[[#This Row],[DateFirstContact]]="",IF(tblReferrals[[#This Row],[DaysWaiting]]>tblReferrals[[#This Row],[TargetDays]],"Overdue - not contacted","Within target - awaiting contact"),IF(tblReferrals[[#This Row],[DaysToContact]]<0,"Check dates",IF(tblReferrals[[#This Row],[DaysToContact]]<=tblReferrals[[#This Row],[TargetDays]],"Contacted within target","Contacted late")))) | R53: =IF(tblReferrals[[#This Row],[PriorityLevel]]="","Missing priority",IF(tblReferrals[[#This Row],[ReferrerType]]="","Missing referrer type",IF(AND(tblReferrals[[#This Row],[DateFirstContact]]<>"",tblReferrals[[#This Row],[DaysToContact]]<0),"Contact before received",IF(AND(tblReferrals[[#This Row],[Status]]="Enrolled",tblReferrals[[#This Row],[ConsentObtained]]<>"Yes"),"Enrolled without consent",IF(COUNTIF(tblReferrals[ClientCode],tblReferrals[[#This Row],[ClientCode]])>1,"Possible duplicate client",IF(tblReferrals[[#This Row],[Ethnicity]]="","Ethnicity not recorded","OK"))))))
A54: R053 | B54: 46218 | C54: C1371 | D54: Self-referral | E54: Pacific | F54: Routine | G54: Yes | H54: 46225 | I54: Phone | J54: Enrolled | K54: Yes | L54: 46232 | M54: No | N54: =IF(tblReferrals[[#This Row],[DateFirstContact]]="","",tblReferrals[[#This Row],[DateFirstContact]]-tblReferrals[[#This Row],[DateReceived]]) | O54: =IF(tblReferrals[[#This Row],[DateFirstContact]]="",Settings!$B$3-tblReferrals[[#This Row],[DateReceived]],"") | P54: =IFERROR(INDEX(Settings!$B$6:$B$8,MATCH(tblReferrals[[#This Row],[PriorityLevel]],Settings!$A$6:$A$8,0)),"") | Q54: =IF(tblReferrals[[#This Row],[TargetDays]]="","Check priority",IF(tblReferrals[[#This Row],[DateFirstContact]]="",IF(tblReferrals[[#This Row],[DaysWaiting]]>tblReferrals[[#This Row],[TargetDays]],"Overdue - not contacted","Within target - awaiting contact"),IF(tblReferrals[[#This Row],[DaysToContact]]<0,"Check dates",IF(tblReferrals[[#This Row],[DaysToContact]]<=tblReferrals[[#This Row],[TargetDays]],"Contacted within target","Contacted late")))) | R54: =IF(tblReferrals[[#This Row],[PriorityLevel]]="","Missing priority",IF(tblReferrals[[#This Row],[ReferrerType]]="","Missing referrer type",IF(AND(tblReferrals[[#This Row],[DateFirstContact]]<>"",tblReferrals[[#This Row],[DaysToContact]]<0),"Contact before received",IF(AND(tblReferrals[[#This Row],[Status]]="Enrolled",tblReferrals[[#This Row],[ConsentObtained]]<>"Yes"),"Enrolled without consent",IF(COUNTIF(tblReferrals[ClientCode],tblReferrals[[#This Row],[ClientCode]])>1,"Possible duplicate client",IF(tblReferrals[[#This Row],[Ethnicity]]="","Ethnicity not recorded","OK"))))))
A55: R054 | B55: 46218 | C55: C1378 | D55: GP | E55: European | F55: Routine | G55: Yes | H55: 46223 | I55: Phone | J55: Enrolled | K55: Pending | L55: 46232 | M55: No | N55: =IF(tblReferrals[[#This Row],[DateFirstContact]]="","",tblReferrals[[#This Row],[DateFirstContact]]-tblReferrals[[#This Row],[DateReceived]]) | O55: =IF(tblReferrals[[#This Row],[DateFirstContact]]="",Settings!$B$3-tblReferrals[[#This Row],[DateReceived]],"") | P55: =IFERROR(INDEX(Settings!$B$6:$B$8,MATCH(tblReferrals[[#This Row],[PriorityLevel]],Settings!$A$6:$A$8,0)),"") | Q55: =IF(tblReferrals[[#This Row],[TargetDays]]="","Check priority",IF(tblReferrals[[#This Row],[DateFirstContact]]="",IF(tblReferrals[[#This Row],[DaysWaiting]]>tblReferrals[[#This Row],[TargetDays]],"Overdue - not contacted","Within target - awaiting contact"),IF(tblReferrals[[#This Row],[DaysToContact]]<0,"Check dates",IF(tblReferrals[[#This Row],[DaysToContact]]<=tblReferrals[[#This Row],[TargetDays]],"Contacted within target","Contacted late")))) | R55: =IF(tblReferrals[[#This Row],[PriorityLevel]]="","Missing priority",IF(tblReferrals[[#This Row],[ReferrerType]]="","Missing referrer type",IF(AND(tblReferrals[[#This Row],[DateFirstContact]]<>"",tblReferrals[[#This Row],[DaysToContact]]<0),"Contact before received",IF(AND(tblReferrals[[#This Row],[Status]]="Enrolled",tblReferrals[[#This Row],[ConsentObtained]]<>"Yes"),"Enrolled without consent",IF(COUNTIF(tblReferrals[ClientCode],tblReferrals[[#This Row],[ClientCode]])>1,"Possible duplicate client",IF(tblReferrals[[#This Row],[Ethnicity]]="","Ethnicity not recorded","OK"))))))
A56: R055 | B56: 46218 | C56: C1385 | D56: Self-referral | E56: European | F56: Routine | G56: No | H56: 46224 | I56: Text | J56: Unable to contact | K56: Pending | M56: No | N56: =IF(tblReferrals[[#This Row],[DateFirstContact]]="","",tblReferrals[[#This Row],[DateFirstContact]]-tblReferrals[[#This Row],[DateReceived]]) | O56: =IF(tblReferrals[[#This Row],[DateFirstContact]]="",Settings!$B$3-tblReferrals[[#This Row],[DateReceived]],"") | P56: =IFERROR(INDEX(Settings!$B$6:$B$8,MATCH(tblReferrals[[#This Row],[PriorityLevel]],Settings!$A$6:$A$8,0)),"") | Q56: =IF(tblReferrals[[#This Row],[TargetDays]]="","Check priority",IF(tblReferrals[[#This Row],[DateFirstContact]]="",IF(tblReferrals[[#This Row],[DaysWaiting]]>tblReferrals[[#This Row],[TargetDays]],"Overdue - not contacted","Within target - awaiting contact"),IF(tblReferrals[[#This Row],[DaysToContact]]<0,"Check dates",IF(tblReferrals[[#This Row],[DaysToContact]]<=tblReferrals[[#This Row],[TargetDays]],"Contacted within target","Contacted late")))) | R56: =IF(tblReferrals[[#This Row],[PriorityLevel]]="","Missing priority",IF(tblReferrals[[#This Row],[ReferrerType]]="","Missing referrer type",IF(AND(tblReferrals[[#This Row],[DateFirstContact]]<>"",tblReferrals[[#This Row],[DaysToContact]]<0),"Contact before received",IF(AND(tblReferrals[[#This Row],[Status]]="Enrolled",tblReferrals[[#This Row],[ConsentObtained]]<>"Yes"),"Enrolled without consent",IF(COUNTIF(tblReferrals[ClientCode],tblReferrals[[#This Row],[ClientCode]])>1,"Possible duplicate client",IF(tblReferrals[[#This Row],[Ethnicity]]="","Ethnicity not recorded","OK"))))))
A57: R056 | B57: 46218 | C57: C1392 | D57: GP | F57: Routine | G57: Yes | H57: 46225 | I57: Email | J57: Enrolled | K57: Yes | L57: 46238 | M57: No | N57: =IF(tblReferrals[[#This Row],[DateFirstContact]]="","",tblReferrals[[#This Row],[DateFirstContact]]-tblReferrals[[#This Row],[DateReceived]]) | O57: =IF(tblReferrals[[#This Row],[DateFirstContact]]="",Settings!$B$3-tblReferrals[[#This Row],[DateReceived]],"") | P57: =IFERROR(INDEX(Settings!$B$6:$B$8,MATCH(tblReferrals[[#This Row],[PriorityLevel]],Settings!$A$6:$A$8,0)),"") | Q57: =IF(tblReferrals[[#This Row],[TargetDays]]="","Check priority",IF(tblReferrals[[#This Row],[DateFirstContact]]="",IF(tblReferrals[[#This Row],[DaysWaiting]]>tblReferrals[[#This Row],[TargetDays]],"Overdue - not contacted","Within target - awaiting contact"),IF(tblReferrals[[#This Row],[DaysToContact]]<0,"Check dates",IF(tblReferrals[[#This Row],[DaysToContact]]<=tblReferrals[[#This Row],[TargetDays]],"Contacted within target","Contacted late")))) | R57: =IF(tblReferrals[[#This Row],[PriorityLevel]]="","Missing priority",IF(tblReferrals[[#This Row],[ReferrerType]]="","Missing referrer type",IF(AND(tblReferrals[[#This Row],[DateFirstContact]]<>"",tblReferrals[[#This Row],[DaysToContact]]<0),"Contact before received",IF(AND(tblReferrals[[#This Row],[Status]]="Enrolled",tblReferrals[[#This Row],[ConsentObtained]]<>"Yes"),"Enrolled without consent",IF(COUNTIF(tblReferrals[ClientCode],tblReferrals[[#This Row],[ClientCode]])>1,"Possible duplicate client",IF(tblReferrals[[#This Row],[Ethnicity]]="","Ethnicity not recorded","OK"))))))
A58: R057 | B58: 46218 | C58: C1399 | D58: Midwife | E58: Māori | F58: Routine | G58: Yes | H58: 46227 | I58: Phone | J58: Enrolled | K58: Yes | L58: 46238 | M58: No | N58: =IF(tblReferrals[[#This Row],[DateFirstContact]]="","",tblReferrals[[#This Row],[DateFirstContact]]-tblReferrals[[#This Row],[DateReceived]]) | O58: =IF(tblReferrals[[#This Row],[DateFirstContact]]="",Settings!$B$3-tblReferrals[[#This Row],[DateReceived]],"") | P58: =IFERROR(INDEX(Settings!$B$6:$B$8,MATCH(tblReferrals[[#This Row],[PriorityLevel]],Settings!$A$6:$A$8,0)),"") | Q58: =IF(tblReferrals[[#This Row],[TargetDays]]="","Check priority",IF(tblReferrals[[#This Row],[DateFirstContact]]="",IF(tblReferrals[[#This Row],[DaysWaiting]]>tblReferrals[[#This Row],[TargetDays]],"Overdue - not contacted","Within target - awaiting contact"),IF(tblReferrals[[#This Row],[DaysToContact]]<0,"Check dates",IF(tblReferrals[[#This Row],[DaysToContact]]<=tblReferrals[[#This Row],[TargetDays]],"Contacted within target","Contacted late")))) | R58: =IF(tblReferrals[[#This Row],[PriorityLevel]]="","Missing priority",IF(tblReferrals[[#This Row],[ReferrerType]]="","Missing referrer type",IF(AND(tblReferrals[[#This Row],[DateFirstContact]]<>"",tblReferrals[[#This Row],[DaysToContact]]<0),"Contact before received",IF(AND(tblReferrals[[#This Row],[Status]]="Enrolled",tblReferrals[[#This Row],[ConsentObtained]]<>"Yes"),"Enrolled without consent",IF(COUNTIF(tblReferrals[ClientCode],tblReferrals[[#This Row],[ClientCode]])>1,"Possible duplicate client",IF(tblReferrals[[#This Row],[Ethnicity]]="","Ethnicity not recorded","OK"))))))
A59: R058 | B59: 46219 | C59: C1406 | D59: Midwife | E59: Māori | F59: Routine | G59: Yes | H59: 46233 | I59: Phone | J59: Unable to contact | K59: Pending | M59: No | N59: =IF(tblReferrals[[#This Row],[DateFirstContact]]="","",tblReferrals[[#This Row],[DateFirstContact]]-tblReferrals[[#This Row],[DateReceived]]) | O59: =IF(tblReferrals[[#This Row],[DateFirstContact]]="",Settings!$B$3-tblReferrals[[#This Row],[DateReceived]],"") | P59: =IFERROR(INDEX(Settings!$B$6:$B$8,MATCH(tblReferrals[[#This Row],[PriorityLevel]],Settings!$A$6:$A$8,0)),"") | Q59: =IF(tblReferrals[[#This Row],[TargetDays]]="","Check priority",IF(tblReferrals[[#This Row],[DateFirstContact]]="",IF(tblReferrals[[#This Row],[DaysWaiting]]>tblReferrals[[#This Row],[TargetDays]],"Overdue - not contacted","Within target - awaiting contact"),IF(tblReferrals[[#This Row],[DaysToContact]]<0,"Check dates",IF(tblReferrals[[#This Row],[DaysToContact]]<=tblReferrals[[#This Row],[TargetDays]],"Contacted within target","Contacted late")))) | R59: =IF(tblReferrals[[#This Row],[PriorityLevel]]="","Missing priority",IF(tblReferrals[[#This Row],[ReferrerType]]="","Missing referrer type",IF(AND(tblReferrals[[#This Row],[DateFirstContact]]<>"",tblReferrals[[#This Row],[DaysToContact]]<0),"Contact before received",IF(AND(tblReferrals[[#This Row],[Status]]="Enrolled",tblReferrals[[#This Row],[ConsentObtained]]<>"Yes"),"Enrolled without consent",IF(COUNTIF(tblReferrals[ClientCode],tblReferrals[[#This Row],[ClientCode]])>1,"Possible duplicate client",IF(tblReferrals[[#This Row],[Ethnicity]]="","Ethnicity not recorded","OK"))))))
A60: R059 | B60: 46219 | C60: C1413 | D60: Hospital | E60: Māori | F60: Routine | G60: No | H60: 46227 | I60: Phone | J60: Awaiting info | K60: Pending | M60: No | N60: =IF(tblReferrals[[#This Row],[DateFirstContact]]="","",tblReferrals[[#This Row],[DateFirstContact]]-tblReferrals[[#This Row],[DateReceived]]) | O60: =IF(tblReferrals[[#This Row],[DateFirstContact]]="",Settings!$B$3-tblReferrals[[#This Row],[DateReceived]],"") | P60: =IFERROR(INDEX(Settings!$B$6:$B$8,MATCH(tblReferrals[[#This Row],[PriorityLevel]],Settings!$A$6:$A$8,0)),"") | Q60: =IF(tblReferrals[[#This Row],[TargetDays]]="","Check priority",IF(tblReferrals[[#This Row],[DateFirstContact]]="",IF(tblReferrals[[#This Row],[DaysWaiting]]>tblReferrals[[#This Row],[TargetDays]],"Overdue - not contacted","Within target - awaiting contact"),IF(tblReferrals[[#This Row],[DaysToContact]]<0,"Check dates",IF(tblReferrals[[#This Row],[DaysToContact]]<=tblReferrals[[#This Row],[TargetDays]],"Contacted within target","Contacted late")))) | R60: =IF(tblReferrals[[#This Row],[PriorityLevel]]="","Missing priority",IF(tblReferrals[[#This Row],[ReferrerType]]="","Missing referrer type",IF(AND(tblReferrals[[#This Row],[DateFirstContact]]<>"",tblReferrals[[#This Row],[DaysToContact]]<0),"Contact before received",IF(AND(tblReferrals[[#This Row],[Status]]="Enrolled",tblReferrals[[#This Row],[ConsentObtained]]<>"Yes"),"Enrolled without consent",IF(COUNTIF(tblReferrals[ClientCode],tblReferrals[[#This Row],[ClientCode]])>1,"Possible duplicate client",IF(tblReferrals[[#This Row],[Ethnicity]]="","Ethnicity not recorded","OK"))))))
A61: R060 | B61: 46219 | C61: C1420 | D61: Hospital | F61: Routine | G61: Yes | H61: 46233 | I61: Phone | J61: Contacted | K61: Pending | M61: No | N61: =IF(tblReferrals[[#This Row],[DateFirstContact]]="","",tblReferrals[[#This Row],[DateFirstContact]]-tblReferrals[[#This Row],[DateReceived]]) | O61: =IF(tblReferrals[[#This Row],[DateFirstContact]]="",Settings!$B$3-tblReferrals[[#This Row],[DateReceived]],"") | P61: =IFERROR(INDEX(Settings!$B$6:$B$8,MATCH(tblReferrals[[#This Row],[PriorityLevel]],Settings!$A$6:$A$8,0)),"") | Q61: =IF(tblReferrals[[#This Row],[TargetDays]]="","Check priority",IF(tblReferrals[[#This Row],[DateFirstContact]]="",IF(tblReferrals[[#This Row],[DaysWaiting]]>tblReferrals[[#This Row],[TargetDays]],"Overdue - not contacted","Within target - awaiting contact"),IF(tblReferrals[[#This Row],[DaysToContact]]<0,"Check dates",IF(tblReferrals[[#This Row],[DaysToContact]]<=tblReferrals[[#This Row],[TargetDays]],"Contacted within target","Contacted late")))) | R61: =IF(tblReferrals[[#This Row],[PriorityLevel]]="","Missing priority",IF(tblReferrals[[#This Row],[ReferrerType]]="","Missing referrer type",IF(AND(tblReferrals[[#This Row],[DateFirstContact]]<>"",tblReferrals[[#This Row],[DaysToContact]]<0),"Contact before received",IF(AND(tblReferrals[[#This Row],[Status]]="Enrolled",tblReferrals[[#This Row],[ConsentObtained]]<>"Yes"),"Enrolled without consent",IF(COUNTIF(tblReferrals[ClientCode],tblReferrals[[#This Row],[ClientCode]])>1,"Possible duplicate client",IF(tblReferrals[[#This Row],[Ethnicity]]="","Ethnicity not recorded","OK"))))))
A62: R061 | B62: 46219 | C62: C1427 | D62: Midwife | E62: European | F62: Routine | G62: No | H62: 46226 | I62: Email | J62: Awaiting info | K62: Pending | M62: No | N62: =IF(tblReferrals[[#This Row],[DateFirstContact]]="","",tblReferrals[[#This Row],[DateFirstContact]]-tblReferrals[[#This Row],[DateReceived]]) | O62: =IF(tblReferrals[[#This Row],[DateFirstContact]]="",Settings!$B$3-tblReferrals[[#This Row],[DateReceived]],"") | P62: =IFERROR(INDEX(Settings!$B$6:$B$8,MATCH(tblReferrals[[#This Row],[PriorityLevel]],Settings!$A$6:$A$8,0)),"") | Q62: =IF(tblReferrals[[#This Row],[TargetDays]]="","Check priority",IF(tblReferrals[[#This Row],[DateFirstContact]]="",IF(tblReferrals[[#This Row],[DaysWaiting]]>tblReferrals[[#This Row],[TargetDays]],"Overdue - not contacted","Within target - awaiting contact"),IF(tblReferrals[[#This Row],[DaysToContact]]<0,"Check dates",IF(tblReferrals[[#This Row],[DaysToContact]]<=tblReferrals[[#This Row],[TargetDays]],"Contacted within target","Contacted late")))) | R62: =IF(tblReferrals[[#This Row],[PriorityLevel]]="","Missing priority",IF(tblReferrals[[#This Row],[ReferrerType]]="","Missing referrer type",IF(AND(tblReferrals[[#This Row],[DateFirstContact]]<>"",tblReferrals[[#This Row],[DaysToContact]]<0),"Contact before received",IF(AND(tblReferrals[[#This Row],[Status]]="Enrolled",tblReferrals[[#This Row],[ConsentObtained]]<>"Yes"),"Enrolled without consent",IF(COUNTIF(tblReferrals[ClientCode],tblReferrals[[#This Row],[ClientCode]])>1,"Possible duplicate client",IF(tblReferrals[[#This Row],[Ethnicity]]="","Ethnicity not recorded","OK"))))))
A63: R062 | B63: 46219 | C63: C1434 | D63: Midwife | E63: Asian | F63: Routine | G63: Yes | H63: 46227 | I63: Text | J63: Declined | K63: No | M63: No | N63: =IF(tblReferrals[[#This Row],[DateFirstContact]]="","",tblReferrals[[#This Row],[DateFirstContact]]-tblReferrals[[#This Row],[DateReceived]]) | O63: =IF(tblReferrals[[#This Row],[DateFirstContact]]="",Settings!$B$3-tblReferrals[[#This Row],[DateReceived]],"") | P63: =IFERROR(INDEX(Settings!$B$6:$B$8,MATCH(tblReferrals[[#This Row],[PriorityLevel]],Settings!$A$6:$A$8,0)),"") | Q63: =IF(tblReferrals[[#This Row],[TargetDays]]="","Check priority",IF(tblReferrals[[#This Row],[DateFirstContact]]="",IF(tblReferrals[[#This Row],[DaysWaiting]]>tblReferrals[[#This Row],[TargetDays]],"Overdue - not contacted","Within target - awaiting contact"),IF(tblReferrals[[#This Row],[DaysToContact]]<0,"Check dates",IF(tblReferrals[[#This Row],[DaysToContact]]<=tblReferrals[[#This Row],[TargetDays]],"Contacted within target","Contacted late")))) | R63: =IF(tblReferrals[[#This Row],[PriorityLevel]]="","Missing priority",IF(tblReferrals[[#This Row],[ReferrerType]]="","Missing referrer type",IF(AND(tblReferrals[[#This Row],[DateFirstContact]]<>"",tblReferrals[[#This Row],[DaysToContact]]<0),"Contact before received",IF(AND(tblReferrals[[#This Row],[Status]]="Enrolled",tblReferrals[[#This Row],[ConsentObtained]]<>"Yes"),"Enrolled without consent",IF(COUNTIF(tblReferrals[ClientCode],tblReferrals[[#This Row],[ClientCode]])>1,"Possible duplicate client",IF(tblReferrals[[#This Row],[Ethnicity]]="","Ethnicity not recorded","OK"))))))
A64: R063 | B64: 46219 | C64: C1441 | D64: GP | E64: European | F64: Urgent | G64: Yes | H64: 46219 | I64: Phone | J64: Enrolled | K64: Pending | L64: 46234 | M64: Yes | N64: =IF(tblReferrals[[#This Row],[DateFirstContact]]="","",tblReferrals[[#This Row],[DateFirstContact]]-tblReferrals[[#This Row],[DateReceived]]) | O64: =IF(tblReferrals[[#This Row],[DateFirstContact]]="",Settings!$B$3-tblReferrals[[#This Row],[DateReceived]],"") | P64: =IFERROR(INDEX(Settings!$B$6:$B$8,MATCH(tblReferrals[[#This Row],[PriorityLevel]],Settings!$A$6:$A$8,0)),"") | Q64: =IF(tblReferrals[[#This Row],[TargetDays]]="","Check priority",IF(tblReferrals[[#This Row],[DateFirstContact]]="",IF(tblReferrals[[#This Row],[DaysWaiting]]>tblReferrals[[#This Row],[TargetDays]],"Overdue - not contacted","Within target - awaiting contact"),IF(tblReferrals[[#This Row],[DaysToContact]]<0,"Check dates",IF(tblReferrals[[#This Row],[DaysToContact]]<=tblReferrals[[#This Row],[TargetDays]],"Contacted within target","Contacted late")))) | R64: =IF(tblReferrals[[#This Row],[PriorityLevel]]="","Missing priority",IF(tblReferrals[[#This Row],[ReferrerType]]="","Missing referrer type",IF(AND(tblReferrals[[#This Row],[DateFirstContact]]<>"",tblReferrals[[#This Row],[DaysToContact]]<0),"Contact before received",IF(AND(tblReferrals[[#This Row],[Status]]="Enrolled",tblReferrals[[#This Row],[ConsentObtained]]<>"Yes"),"Enrolled without consent",IF(COUNTIF(tblReferrals[ClientCode],tblReferrals[[#This Row],[ClientCode]])>1,"Possible duplicate client",IF(tblReferrals[[#This Row],[Ethnicity]]="","Ethnicity not recorded","OK"))))))
A65: R064 | B65: 46223 | C65: C1448 | D65: Self-referral | E65: European | F65: High | G65: No | H65: 46226 | I65: Phone | J65: Contacted | K65: Pending | M65: No | N65: =IF(tblReferrals[[#This Row],[DateFirstContact]]="","",tblReferrals[[#This Row],[DateFirstContact]]-tblReferrals[[#This Row],[DateReceived]]) | O65: =IF(tblReferrals[[#This Row],[DateFirstContact]]="",Settings!$B$3-tblReferrals[[#This Row],[DateReceived]],"") | P65: =IFERROR(INDEX(Settings!$B$6:$B$8,MATCH(tblReferrals[[#This Row],[PriorityLevel]],Settings!$A$6:$A$8,0)),"") | Q65: =IF(tblReferrals[[#This Row],[TargetDays]]="","Check priority",IF(tblReferrals[[#This Row],[DateFirstContact]]="",IF(tblReferrals[[#This Row],[DaysWaiting]]>tblReferrals[[#This Row],[TargetDays]],"Overdue - not contacted","Within target - awaiting contact"),IF(tblReferrals[[#This Row],[DaysToContact]]<0,"Check dates",IF(tblReferrals[[#This Row],[DaysToContact]]<=tblReferrals[[#This Row],[TargetDays]],"Contacted within target","Contacted late")))) | R65: =IF(tblReferrals[[#This Row],[PriorityLevel]]="","Missing priority",IF(tblReferrals[[#This Row],[ReferrerType]]="","Missing referrer type",IF(AND(tblReferrals[[#This Row],[DateFirstContact]]<>"",tblReferrals[[#This Row],[DaysToContact]]<0),"Contact before received",IF(AND(tblReferrals[[#This Row],[Status]]="Enrolled",tblReferrals[[#This Row],[ConsentObtained]]<>"Yes"),"Enrolled without consent",IF(COUNTIF(tblReferrals[ClientCode],tblReferrals[[#This Row],[ClientCode]])>1,"Possible duplicate client",IF(tblReferrals[[#This Row],[Ethnicity]]="","Ethnicity not recorded","OK"))))))
A66: R065 | B66: 46223 | C66: C1455 | D66: Hospital | E66: European | F66: Routine | G66: No | H66: 46234 | I66: Text | J66: Awaiting info | K66: Pending | M66: No | N66: =IF(tblReferrals[[#This Row],[DateFirstContact]]="","",tblReferrals[[#This Row],[DateFirstContact]]-tblReferrals[[#This Row],[DateReceived]]) | O66: =IF(tblReferrals[[#This Row],[DateFirstContact]]="",Settings!$B$3-tblReferrals[[#This Row],[DateReceived]],"") | P66: =IFERROR(INDEX(Settings!$B$6:$B$8,MATCH(tblReferrals[[#This Row],[PriorityLevel]],Settings!$A$6:$A$8,0)),"") | Q66: =IF(tblReferrals[[#This Row],[TargetDays]]="","Check priority",IF(tblReferrals[[#This Row],[DateFirstContact]]="",IF(tblReferrals[[#This Row],[DaysWaiting]]>tblReferrals[[#This Row],[TargetDays]],"Overdue - not contacted","Within target - awaiting contact"),IF(tblReferrals[[#This Row],[DaysToContact]]<0,"Check dates",IF(tblReferrals[[#This Row],[DaysToContact]]<=tblReferrals[[#This Row],[TargetDays]],"Contacted within target","Contacted late")))) | R66: =IF(tblReferrals[[#This Row],[PriorityLevel]]="","Missing priority",IF(tblReferrals[[#This Row],[ReferrerType]]="","Missing referrer type",IF(AND(tblReferrals[[#This Row],[DateFirstContact]]<>"",tblReferrals[[#This Row],[DaysToContact]]<0),"Contact before received",IF(AND(tblReferrals[[#This Row],[Status]]="Enrolled",tblReferrals[[#This Row],[ConsentObtained]]<>"Yes"),"Enrolled without consent",IF(COUNTIF(tblReferrals[ClientCode],tblReferrals[[#This Row],[ClientCode]])>1,"Possible duplicate client",IF(tblReferrals[[#This Row],[Ethnicity]]="","Ethnicity not recorded","OK"))))))
A67: R066 | B67: 46224 | C67: C1462 | D67: Midwife | E67: European | F67: High | G67: Yes | H67: 46230 | I67: Phone | J67: Declined | K67: No | M67: No | N67: =IF(tblReferrals[[#This Row],[DateFirstContact]]="","",tblReferrals[[#This Row],[DateFirstContact]]-tblReferrals[[#This Row],[DateReceived]]) | O67: =IF(tblReferrals[[#This Row],[DateFirstContact]]="",Settings!$B$3-tblReferrals[[#This Row],[DateReceived]],"") | P67: =IFERROR(INDEX(Settings!$B$6:$B$8,MATCH(tblReferrals[[#This Row],[PriorityLevel]],Settings!$A$6:$A$8,0)),"") | Q67: =IF(tblReferrals[[#This Row],[TargetDays]]="","Check priority",IF(tblReferrals[[#This Row],[DateFirstContact]]="",IF(tblReferrals[[#This Row],[DaysWaiting]]>tblReferrals[[#This Row],[TargetDays]],"Overdue - not contacted","Within target - awaiting contact"),IF(tblReferrals[[#This Row],[DaysToContact]]<0,"Check dates",IF(tblReferrals[[#This Row],[DaysToContact]]<=tblReferrals[[#This Row],[TargetDays]],"Contacted within target","Contacted late")))) | R67: =IF(tblReferrals[[#This Row],[PriorityLevel]]="","Missing priority",IF(tblReferrals[[#This Row],[ReferrerType]]="","Missing referrer type",IF(AND(tblReferrals[[#This Row],[DateFirstContact]]<>"",tblReferrals[[#This Row],[DaysToContact]]<0),"Contact before received",IF(AND(tblReferrals[[#This Row],[Status]]="Enrolled",tblReferrals[[#This Row],[ConsentObtained]]<>"Yes"),"Enrolled without consent",IF(COUNTIF(tblReferrals[ClientCode],tblReferrals[[#This Row],[ClientCode]])>1,"Possible duplicate client",IF(tblReferrals[[#This Row],[Ethnicity]]="","Ethnicity not recorded","OK"))))))
A68: R067 | B68: 46224 | C68: C1469 | D68: Other health provider | E68: Māori | F68: Routine | G68: No | H68: 46225 | I68: Text | J68: Awaiting info | K68: Pending | M68: No | N68: =IF(tblReferrals[[#This Row],[DateFirstContact]]="","",tblReferrals[[#This Row],[DateFirstContact]]-tblReferrals[[#This Row],[DateReceived]]) | O68: =IF(tblReferrals[[#This Row],[DateFirstContact]]="",Settings!$B$3-tblReferrals[[#This Row],[DateReceived]],"") | P68: =IFERROR(INDEX(Settings!$B$6:$B$8,MATCH(tblReferrals[[#This Row],[PriorityLevel]],Settings!$A$6:$A$8,0)),"") | Q68: =IF(tblReferrals[[#This Row],[TargetDays]]="","Check priority",IF(tblReferrals[[#This Row],[DateFirstContact]]="",IF(tblReferrals[[#This Row],[DaysWaiting]]>tblReferrals[[#This Row],[TargetDays]],"Overdue - not contacted","Within target - awaiting contact"),IF(tblReferrals[[#This Row],[DaysToContact]]<0,"Check dates",IF(tblReferrals[[#This Row],[DaysToContact]]<=tblReferrals[[#This Row],[TargetDays]],"Contacted within target","Contacted late")))) | R68: =IF(tblReferrals[[#This Row],[PriorityLevel]]="","Missing priority",IF(tblReferrals[[#This Row],[ReferrerType]]="","Missing referrer type",IF(AND(tblReferrals[[#This Row],[DateFirstContact]]<>"",tblReferrals[[#This Row],[DaysToContact]]<0),"Contact before received",IF(AND(tblReferrals[[#This Row],[Status]]="Enrolled",tblReferrals[[#This Row],[ConsentObtained]]<>"Yes"),"Enrolled without consent",IF(COUNTIF(tblReferrals[ClientCode],tblReferrals[[#This Row],[ClientCode]])>1,"Possible duplicate client",IF(tblReferrals[[#This Row],[Ethnicity]]="","Ethnicity not recorded","OK"))))))
A69: R068 | B69: 46224 | C69: C1476 | D69: Community agency | E69: Māori | F69: Routine | G69: Yes | H69: 46226 | I69: Email | J69: Enrolled | K69: Yes | L69: 46238 | M69: No | N69: =IF(tblReferrals[[#This Row],[DateFirstContact]]="","",tblReferrals[[#This Row],[DateFirstContact]]-tblReferrals[[#This Row],[DateReceived]]) | O69: =IF(tblReferrals[[#This Row],[DateFirstContact]]="",Settings!$B$3-tblReferrals[[#This Row],[DateReceived]],"") | P69: =IFERROR(INDEX(Settings!$B$6:$B$8,MATCH(tblReferrals[[#This Row],[PriorityLevel]],Settings!$A$6:$A$8,0)),"") | Q69: =IF(tblReferrals[[#This Row],[TargetDays]]="","Check priority",IF(tblReferrals[[#This Row],[DateFirstContact]]="",IF(tblReferrals[[#This Row],[DaysWaiting]]>tblReferrals[[#This Row],[TargetDays]],"Overdue - not contacted","Within target - awaiting contact"),IF(tblReferrals[[#This Row],[DaysToContact]]<0,"Check dates",IF(tblReferrals[[#This Row],[DaysToContact]]<=tblReferrals[[#This Row],[TargetDays]],"Contacted within target","Contacted late")))) | R69: =IF(tblReferrals[[#This Row],[PriorityLevel]]="","Missing priority",IF(tblReferrals[[#This Row],[ReferrerType]]="","Missing referrer type",IF(AND(tblReferrals[[#This Row],[DateFirstContact]]<>"",tblReferrals[[#This Row],[DaysToContact]]<0),"Contact before received",IF(AND(tblReferrals[[#This Row],[Status]]="Enrolled",tblReferrals[[#This Row],[ConsentObtained]]<>"Yes"),"Enrolled without consent",IF(COUNTIF(tblReferrals[ClientCode],tblReferrals[[#This Row],[ClientCode]])>1,"Possible duplicate client",IF(tblReferrals[[#This Row],[Ethnicity]]="","Ethnicity not recorded","OK"))))))
A70: R069 | B70: 46224 | C70: C1483 | D70: GP | E70: Māori | G70: Yes | H70: 46226 | I70: Text | J70: Enrolled | K70: Yes | L70: 46240 | M70: No | N70: =IF(tblReferrals[[#This Row],[DateFirstContact]]="","",tblReferrals[[#This Row],[DateFirstContact]]-tblReferrals[[#This Row],[DateReceived]]) | O70: =IF(tblReferrals[[#This Row],[DateFirstContact]]="",Settings!$B$3-tblReferrals[[#This Row],[DateReceived]],"") | P70: =IFERROR(INDEX(Settings!$B$6:$B$8,MATCH(tblReferrals[[#This Row],[PriorityLevel]],Settings!$A$6:$A$8,0)),"") | Q70: =IF(tblReferrals[[#This Row],[TargetDays]]="","Check priority",IF(tblReferrals[[#This Row],[DateFirstContact]]="",IF(tblReferrals[[#This Row],[DaysWaiting]]>tblReferrals[[#This Row],[TargetDays]],"Overdue - not contacted","Within target - awaiting contact"),IF(tblReferrals[[#This Row],[DaysToContact]]<0,"Check dates",IF(tblReferrals[[#This Row],[DaysToContact]]<=tblReferrals[[#This Row],[TargetDays]],"Contacted within target","Contacted late")))) | R70: =IF(tblReferrals[[#This Row],[PriorityLevel]]="","Missing priority",IF(tblReferrals[[#This Row],[ReferrerType]]="","Missing referrer type",IF(AND(tblReferrals[[#This Row],[DateFirstContact]]<>"",tblReferrals[[#This Row],[DaysToContact]]<0),"Contact before received",IF(AND(tblReferrals[[#This Row],[Status]]="Enrolled",tblReferrals[[#This Row],[ConsentObtained]]<>"Yes"),"Enrolled without consent",IF(COUNTIF(tblReferrals[ClientCode],tblReferrals[[#This Row],[ClientCode]])>1,"Possible duplicate client",IF(tblReferrals[[#This Row],[Ethnicity]]="","Ethnicity not recorded","OK"))))))
A71: R070 | B71: 46225 | C71: C1490 | D71: Other health provider | E71: European | F71: High | G71: Yes | H71: 46227 | I71: Phone | J71: Enrolled | K71: Yes | L71: 46239 | M71: No | N71: =IF(tblReferrals[[#This Row],[DateFirstContact]]="","",tblReferrals[[#This Row],[DateFirstContact]]-tblReferrals[[#This Row],[DateReceived]]) | O71: =IF(tblReferrals[[#This Row],[DateFirstContact]]="",Settings!$B$3-tblReferrals[[#This Row],[DateReceived]],"") | P71: =IFERROR(INDEX(Settings!$B$6:$B$8,MATCH(tblReferrals[[#This Row],[PriorityLevel]],Settings!$A$6:$A$8,0)),"") | Q71: =IF(tblReferrals[[#This Row],[TargetDays]]="","Check priority",IF(tblReferrals[[#This Row],[DateFirstContact]]="",IF(tblReferrals[[#This Row],[DaysWaiting]]>tblReferrals[[#This Row],[TargetDays]],"Overdue - not contacted","Within target - awaiting contact"),IF(tblReferrals[[#This Row],[DaysToContact]]<0,"Check dates",IF(tblReferrals[[#This Row],[DaysToContact]]<=tblReferrals[[#This Row],[TargetDays]],"Contacted within target","Contacted late")))) | R71: =IF(tblReferrals[[#This Row],[PriorityLevel]]="","Missing priority",IF(tblReferrals[[#This Row],[ReferrerType]]="","Missing referrer type",IF(AND(tblReferrals[[#This Row],[DateFirstContact]]<>"",tblReferrals[[#This Row],[DaysToContact]]<0),"Contact before received",IF(AND(tblReferrals[[#This Row],[Status]]="Enrolled",tblReferrals[[#This Row],[ConsentObtained]]<>"Yes"),"Enrolled without consent",IF(COUNTIF(tblReferrals[ClientCode],tblReferrals[[#This Row],[ClientCode]])>1,"Possible duplicate client",IF(tblReferrals[[#This Row],[Ethnicity]]="","Ethnicity not recorded","OK"))))))
A72: R071 | B72: 46225 | C72: C1497 | D72: GP | E72: European | F72: High | G72: Yes | H72: 46231 | I72: Phone | J72: Consent pending | K72: Pending | M72: No | N72: =IF(tblReferrals[[#This Row],[DateFirstContact]]="","",tblReferrals[[#This Row],[DateFirstContact]]-tblReferrals[[#This Row],[DateReceived]]) | O72: =IF(tblReferrals[[#This Row],[DateFirstContact]]="",Settings!$B$3-tblReferrals[[#This Row],[DateReceived]],"") | P72: =IFERROR(INDEX(Settings!$B$6:$B$8,MATCH(tblReferrals[[#This Row],[PriorityLevel]],Settings!$A$6:$A$8,0)),"") | Q72: =IF(tblReferrals[[#This Row],[TargetDays]]="","Check priority",IF(tblReferrals[[#This Row],[DateFirstContact]]="",IF(tblReferrals[[#This Row],[DaysWaiting]]>tblReferrals[[#This Row],[TargetDays]],"Overdue - not contacted","Within target - awaiting contact"),IF(tblReferrals[[#This Row],[DaysToContact]]<0,"Check dates",IF(tblReferrals[[#This Row],[DaysToContact]]<=tblReferrals[[#This Row],[TargetDays]],"Contacted within target","Contacted late")))) | R72: =IF(tblReferrals[[#This Row],[PriorityLevel]]="","Missing priority",IF(tblReferrals[[#This Row],[ReferrerType]]="","Missing referrer type",IF(AND(tblReferrals[[#This Row],[DateFirstContact]]<>"",tblReferrals[[#This Row],[DaysToContact]]<0),"Contact before received",IF(AND(tblReferrals[[#This Row],[Status]]="Enrolled",tblReferrals[[#This Row],[ConsentObtained]]<>"Yes"),"Enrolled without consent",IF(COUNTIF(tblReferrals[ClientCode],tblReferrals[[#This Row],[ClientCode]])>1,"Possible duplicate client",IF(tblReferrals[[#This Row],[Ethnicity]]="","Ethnicity not recorded","OK"))))))
A73: R072 | B73: 46226 | C73: C1504 | D73: Midwife | E73: Pacific | F73: Urgent | G73: Yes | H73: 46226 | I73: Phone | J73: Enrolled | K73: Yes | L73: 46237 | M73: Yes | N73: =IF(tblReferrals[[#This Row],[DateFirstContact]]="","",tblReferrals[[#This Row],[DateFirstContact]]-tblReferrals[[#This Row],[DateReceived]]) | O73: =IF(tblReferrals[[#This Row],[DateFirstContact]]="",Settings!$B$3-tblReferrals[[#This Row],[DateReceived]],"") | P73: =IFERROR(INDEX(Settings!$B$6:$B$8,MATCH(tblReferrals[[#This Row],[PriorityLevel]],Settings!$A$6:$A$8,0)),"") | Q73: =IF(tblReferrals[[#This Row],[TargetDays]]="","Check priority",IF(tblReferrals[[#This Row],[DateFirstContact]]="",IF(tblReferrals[[#This Row],[DaysWaiting]]>tblReferrals[[#This Row],[TargetDays]],"Overdue - not contacted","Within target - awaiting contact"),IF(tblReferrals[[#This Row],[DaysToContact]]<0,"Check dates",IF(tblReferrals[[#This Row],[DaysToContact]]<=tblReferrals[[#This Row],[TargetDays]],"Contacted within target","Contacted late")))) | R73: =IF(tblReferrals[[#This Row],[PriorityLevel]]="","Missing priority",IF(tblReferrals[[#This Row],[ReferrerType]]="","Missing referrer type",IF(AND(tblReferrals[[#This Row],[DateFirstContact]]<>"",tblReferrals[[#This Row],[DaysToContact]]<0),"Contact before received",IF(AND(tblReferrals[[#This Row],[Status]]="Enrolled",tblReferrals[[#This Row],[ConsentObtained]]<>"Yes"),"Enrolled without consent",IF(COUNTIF(tblReferrals[ClientCode],tblReferrals[[#This Row],[ClientCode]])>1,"Possible duplicate client",IF(tblReferrals[[#This Row],[Ethnicity]]="","Ethnicity not recorded","OK"))))))
A74: R073 | B74: 46226 | C74: C1511 | D74: Self-referral | E74: Pacific | F74: Routine | G74: Yes | H74: 46234 | I74: Phone | J74: Contacted | K74: Pending | M74: No | N74: =IF(tblReferrals[[#This Row],[DateFirstContact]]="","",tblReferrals[[#This Row],[DateFirstContact]]-tblReferrals[[#This Row],[DateReceived]]) | O74: =IF(tblReferrals[[#This Row],[DateFirstContact]]="",Settings!$B$3-tblReferrals[[#This Row],[DateReceived]],"") | P74: =IFERROR(INDEX(Settings!$B$6:$B$8,MATCH(tblReferrals[[#This Row],[PriorityLevel]],Settings!$A$6:$A$8,0)),"") | Q74: =IF(tblReferrals[[#This Row],[TargetDays]]="","Check priority",IF(tblReferrals[[#This Row],[DateFirstContact]]="",IF(tblReferrals[[#This Row],[DaysWaiting]]>tblReferrals[[#This Row],[TargetDays]],"Overdue - not contacted","Within target - awaiting contact"),IF(tblReferrals[[#This Row],[DaysToContact]]<0,"Check dates",IF(tblReferrals[[#This Row],[DaysToContact]]<=tblReferrals[[#This Row],[TargetDays]],"Contacted within target","Contacted late")))) | R74: =IF(tblReferrals[[#This Row],[PriorityLevel]]="","Missing priority",IF(tblReferrals[[#This Row],[ReferrerType]]="","Missing referrer type",IF(AND(tblReferrals[[#This Row],[DateFirstContact]]<>"",tblReferrals[[#This Row],[DaysToContact]]<0),"Contact before received",IF(AND(tblReferrals[[#This Row],[Status]]="Enrolled",tblReferrals[[#This Row],[ConsentObtained]]<>"Yes"),"Enrolled without consent",IF(COUNTIF(tblReferrals[ClientCode],tblReferrals[[#This Row],[ClientCode]])>1,"Possible duplicate client",IF(tblReferrals[[#This Row],[Ethnicity]]="","Ethnicity not recorded","OK"))))))
A75: R074 | B75: 46226 | C75: C1518 | D75: Community agency | E75: European | F75: Urgent | G75: Yes | H75: 46226 | I75: In person | J75: Declined | K75: No | M75: Yes | N75: =IF(tblReferrals[[#This Row],[DateFirstContact]]="","",tblReferrals[[#This Row],[DateFirstContact]]-tblReferrals[[#This Row],[DateReceived]]) | O75: =IF(tblReferrals[[#This Row],[DateFirstContact]]="",Settings!$B$3-tblReferrals[[#This Row],[DateReceived]],"") | P75: =IFERROR(INDEX(Settings!$B$6:$B$8,MATCH(tblReferrals[[#This Row],[PriorityLevel]],Settings!$A$6:$A$8,0)),"") | Q75: =IF(tblReferrals[[#This Row],[TargetDays]]="","Check priority",IF(tblReferrals[[#This Row],[DateFirstContact]]="",IF(tblReferrals[[#This Row],[DaysWaiting]]>tblReferrals[[#This Row],[TargetDays]],"Overdue - not contacted","Within target - awaiting contact"),IF(tblReferrals[[#This Row],[DaysToContact]]<0,"Check dates",IF(tblReferrals[[#This Row],[DaysToContact]]<=tblReferrals[[#This Row],[TargetDays]],"Contacted within target","Contacted late")))) | R75: =IF(tblReferrals[[#This Row],[PriorityLevel]]="","Missing priority",IF(tblReferrals[[#This Row],[ReferrerType]]="","Missing referrer type",IF(AND(tblReferrals[[#This Row],[DateFirstContact]]<>"",tblReferrals[[#This Row],[DaysToContact]]<0),"Contact before received",IF(AND(tblReferrals[[#This Row],[Status]]="Enrolled",tblReferrals[[#This Row],[ConsentObtained]]<>"Yes"),"Enrolled without consent",IF(COUNTIF(tblReferrals[ClientCode],tblReferrals[[#This Row],[ClientCode]])>1,"Possible duplicate client",IF(tblReferrals[[#This Row],[Ethnicity]]="","Ethnicity not recorded","OK"))))))
A76: R075 | B76: 46227 | C76: C1525 | D76: Hospital | E76: European | F76: Routine | G76: No | H76: 46234 | I76: Phone | J76: Consent pending | K76: Pending | L76: 46241 | M76: No | N76: =IF(tblReferrals[[#This Row],[DateFirstContact]]="","",tblReferrals[[#This Row],[DateFirstContact]]-tblReferrals[[#This Row],[DateReceived]]) | O76: =IF(tblReferrals[[#This Row],[DateFirstContact]]="",Settings!$B$3-tblReferrals[[#This Row],[DateReceived]],"") | P76: =IFERROR(INDEX(Settings!$B$6:$B$8,MATCH(tblReferrals[[#This Row],[PriorityLevel]],Settings!$A$6:$A$8,0)),"") | Q76: =IF(tblReferrals[[#This Row],[TargetDays]]="","Check priority",IF(tblReferrals[[#This Row],[DateFirstContact]]="",IF(tblReferrals[[#This Row],[DaysWaiting]]>tblReferrals[[#This Row],[TargetDays]],"Overdue - not contacted","Within target - awaiting contact"),IF(tblReferrals[[#This Row],[DaysToContact]]<0,"Check dates",IF(tblReferrals[[#This Row],[DaysToContact]]<=tblReferrals[[#This Row],[TargetDays]],"Contacted within target","Contacted late")))) | R76: =IF(tblReferrals[[#This Row],[PriorityLevel]]="","Missing priority",IF(tblReferrals[[#This Row],[ReferrerType]]="","Missing referrer type",IF(AND(tblReferrals[[#This Row],[DateFirstContact]]<>"",tblReferrals[[#This Row],[DaysToContact]]<0),"Contact before received",IF(AND(tblReferrals[[#This Row],[Status]]="Enrolled",tblReferrals[[#This Row],[ConsentObtained]]<>"Yes"),"Enrolled without consent",IF(COUNTIF(tblReferrals[ClientCode],tblReferrals[[#This Row],[ClientCode]])>1,"Possible duplicate client",IF(tblReferrals[[#This Row],[Ethnicity]]="","Ethnicity not recorded","OK"))))))
A77: R076 | B77: 46227 | C77: C1532 | D77: Midwife | E77: Māori | F77: Routine | G77: Yes | H77: 46233 | I77: In person | J77: Declined | K77: No | M77: No | N77: =IF(tblReferrals[[#This Row],[DateFirstContact]]="","",tblReferrals[[#This Row],[DateFirstContact]]-tblReferrals[[#This Row],[DateReceived]]) | O77: =IF(tblReferrals[[#This Row],[DateFirstContact]]="",Settings!$B$3-tblReferrals[[#This Row],[DateReceived]],"") | P77: =IFERROR(INDEX(Settings!$B$6:$B$8,MATCH(tblReferrals[[#This Row],[PriorityLevel]],Settings!$A$6:$A$8,0)),"") | Q77: =IF(tblReferrals[[#This Row],[TargetDays]]="","Check priority",IF(tblReferrals[[#This Row],[DateFirstContact]]="",IF(tblReferrals[[#This Row],[DaysWaiting]]>tblReferrals[[#This Row],[TargetDays]],"Overdue - not contacted","Within target - awaiting contact"),IF(tblReferrals[[#This Row],[DaysToContact]]<0,"Check dates",IF(tblReferrals[[#This Row],[DaysToContact]]<=tblReferrals[[#This Row],[TargetDays]],"Contacted within target","Contacted late")))) | R77: =IF(tblReferrals[[#This Row],[PriorityLevel]]="","Missing priority",IF(tblReferrals[[#This Row],[ReferrerType]]="","Missing referrer type",IF(AND(tblReferrals[[#This Row],[DateFirstContact]]<>"",tblReferrals[[#This Row],[DaysToContact]]<0),"Contact before received",IF(AND(tblReferrals[[#This Row],[Status]]="Enrolled",tblReferrals[[#This Row],[ConsentObtained]]<>"Yes"),"Enrolled without consent",IF(COUNTIF(tblReferrals[ClientCode],tblReferrals[[#This Row],[ClientCode]])>1,"Possible duplicate client",IF(tblReferrals[[#This Row],[Ethnicity]]="","Ethnicity not recorded","OK"))))))
A78: R077 | B78: 46227 | C78: C1539 | D78: Midwife | F78: Routine | G78: Yes | H78: 46237 | I78: Phone | J78: Contacted | K78: Pending | M78: No | N78: =IF(tblReferrals[[#This Row],[DateFirstContact]]="","",tblReferrals[[#This Row],[DateFirstContact]]-tblReferrals[[#This Row],[DateReceived]]) | O78: =IF(tblReferrals[[#This Row],[DateFirstContact]]="",Settings!$B$3-tblReferrals[[#This Row],[DateReceived]],"") | P78: =IFERROR(INDEX(Settings!$B$6:$B$8,MATCH(tblReferrals[[#This Row],[PriorityLevel]],Settings!$A$6:$A$8,0)),"") | Q78: =IF(tblReferrals[[#This Row],[TargetDays]]="","Check priority",IF(tblReferrals[[#This Row],[DateFirstContact]]="",IF(tblReferrals[[#This Row],[DaysWaiting]]>tblReferrals[[#This Row],[TargetDays]],"Overdue - not contacted","Within target - awaiting contact"),IF(tblReferrals[[#This Row],[DaysToContact]]<0,"Check dates",IF(tblReferrals[[#This Row],[DaysToContact]]<=tblReferrals[[#This Row],[TargetDays]],"Contacted within target","Contacted late")))) | R78: =IF(tblReferrals[[#This Row],[PriorityLevel]]="","Missing priority",IF(tblReferrals[[#This Row],[ReferrerType]]="","Missing referrer type",IF(AND(tblReferrals[[#This Row],[DateFirstContact]]<>"",tblReferrals[[#This Row],[DaysToContact]]<0),"Contact before received",IF(AND(tblReferrals[[#This Row],[Status]]="Enrolled",tblReferrals[[#This Row],[ConsentObtained]]<>"Yes"),"Enrolled without consent",IF(COUNTIF(tblReferrals[ClientCode],tblReferrals[[#This Row],[ClientCode]])>1,"Possible duplicate client",IF(tblReferrals[[#This Row],[Ethnicity]]="","Ethnicity not recorded","OK"))))))
A79: R078 | B79: 46230 | C79: C1546 | D79: GP | E79: Asian | F79: Routine | G79: No | H79: 46237 | I79: Phone | J79: Awaiting info | K79: Pending | M79: No | N79: =IF(tblReferrals[[#This Row],[DateFirstContact]]="","",tblReferrals[[#This Row],[DateFirstContact]]-tblReferrals[[#This Row],[DateReceived]]) | O79: =IF(tblReferrals[[#This Row],[DateFirstContact]]="",Settings!$B$3-tblReferrals[[#This Row],[DateReceived]],"") | P79: =IFERROR(INDEX(Settings!$B$6:$B$8,MATCH(tblReferrals[[#This Row],[PriorityLevel]],Settings!$A$6:$A$8,0)),"") | Q79: =IF(tblReferrals[[#This Row],[TargetDays]]="","Check priority",IF(tblReferrals[[#This Row],[DateFirstContact]]="",IF(tblReferrals[[#This Row],[DaysWaiting]]>tblReferrals[[#This Row],[TargetDays]],"Overdue - not contacted","Within target - awaiting contact"),IF(tblReferrals[[#This Row],[DaysToContact]]<0,"Check dates",IF(tblReferrals[[#This Row],[DaysToContact]]<=tblReferrals[[#This Row],[TargetDays]],"Contacted within target","Contacted late")))) | R79: =IF(tblReferrals[[#This Row],[PriorityLevel]]="","Missing priority",IF(tblReferrals[[#This Row],[ReferrerType]]="","Missing referrer type",IF(AND(tblReferrals[[#This Row],[DateFirstContact]]<>"",tblReferrals[[#This Row],[DaysToContact]]<0),"Contact before received",IF(AND(tblReferrals[[#This Row],[Status]]="Enrolled",tblReferrals[[#This Row],[ConsentObtained]]<>"Yes"),"Enrolled without consent",IF(COUNTIF(tblReferrals[ClientCode],tblReferrals[[#This Row],[ClientCode]])>1,"Possible duplicate client",IF(tblReferrals[[#This Row],[Ethnicity]]="","Ethnicity not recorded","OK"))))))
A80: R079 | B80: 46230 | C80: C1553 | D80: Community agency | E80: European | F80: High | G80: Yes | H80: 46232 | I80: In person | J80: Contacted | K80: Pending | M80: No | N80: =IF(tblReferrals[[#This Row],[DateFirstContact]]="","",tblReferrals[[#This Row],[DateFirstContact]]-tblReferrals[[#This Row],[DateReceived]]) | O80: =IF(tblReferrals[[#This Row],[DateFirstContact]]="",Settings!$B$3-tblReferrals[[#This Row],[DateReceived]],"") | P80: =IFERROR(INDEX(Settings!$B$6:$B$8,MATCH(tblReferrals[[#This Row],[PriorityLevel]],Settings!$A$6:$A$8,0)),"") | Q80: =IF(tblReferrals[[#This Row],[TargetDays]]="","Check priority",IF(tblReferrals[[#This Row],[DateFirstContact]]="",IF(tblReferrals[[#This Row],[DaysWaiting]]>tblReferrals[[#This Row],[TargetDays]],"Overdue - not contacted","Within target - awaiting contact"),IF(tblReferrals[[#This Row],[DaysToContact]]<0,"Check dates",IF(tblReferrals[[#This Row],[DaysToContact]]<=tblReferrals[[#This Row],[TargetDays]],"Contacted within target","Contacted late")))) | R80: =IF(tblReferrals[[#This Row],[PriorityLevel]]="","Missing priority",IF(tblReferrals[[#This Row],[ReferrerType]]="","Missing referrer type",IF(AND(tblReferrals[[#This Row],[DateFirstContact]]<>"",tblReferrals[[#This Row],[DaysToContact]]<0),"Contact before received",IF(AND(tblReferrals[[#This Row],[Status]]="Enrolled",tblReferrals[[#This Row],[ConsentObtained]]<>"Yes"),"Enrolled without consent",IF(COUNTIF(tblReferrals[ClientCode],tblReferrals[[#This Row],[ClientCode]])>1,"Possible duplicate client",IF(tblReferrals[[#This Row],[Ethnicity]]="","Ethnicity not recorded","OK"))))))
A81: R080 | B81: 46232 | C81: C1560 | D81: Other health provider | E81: Pacific | F81: Routine | G81: Yes | H81: 46238 | I81: Text | J81: Contacted | K81: Pending | M81: No | N81: =IF(tblReferrals[[#This Row],[DateFirstContact]]="","",tblReferrals[[#This Row],[DateFirstContact]]-tblReferrals[[#This Row],[DateReceived]]) | O81: =IF(tblReferrals[[#This Row],[DateFirstContact]]="",Settings!$B$3-tblReferrals[[#This Row],[DateReceived]],"") | P81: =IFERROR(INDEX(Settings!$B$6:$B$8,MATCH(tblReferrals[[#This Row],[PriorityLevel]],Settings!$A$6:$A$8,0)),"") | Q81: =IF(tblReferrals[[#This Row],[TargetDays]]="","Check priority",IF(tblReferrals[[#This Row],[DateFirstContact]]="",IF(tblReferrals[[#This Row],[DaysWaiting]]>tblReferrals[[#This Row],[TargetDays]],"Overdue - not contacted","Within target - awaiting contact"),IF(tblReferrals[[#This Row],[DaysToContact]]<0,"Check dates",IF(tblReferrals[[#This Row],[DaysToContact]]<=tblReferrals[[#This Row],[TargetDays]],"Contacted within target","Contacted late")))) | R81: =IF(tblReferrals[[#This Row],[PriorityLevel]]="","Missing priority",IF(tblReferrals[[#This Row],[ReferrerType]]="","Missing referrer type",IF(AND(tblReferrals[[#This Row],[DateFirstContact]]<>"",tblReferrals[[#This Row],[DaysToContact]]<0),"Contact before received",IF(AND(tblReferrals[[#This Row],[Status]]="Enrolled",tblReferrals[[#This Row],[ConsentObtained]]<>"Yes"),"Enrolled without consent",IF(COUNTIF(tblReferrals[ClientCode],tblReferrals[[#This Row],[ClientCode]])>1,"Possible duplicate client",IF(tblReferrals[[#This Row],[Ethnicity]]="","Ethnicity not recorded","OK"))))))
A82: R081 | B82: 46233 | C82: C1567 | D82: Community agency | E82: Māori | F82: Routine | G82: Yes | H82: 46241 | I82: In person | J82: Awaiting info | K82: Pending | M82: No | N82: =IF(tblReferrals[[#This Row],[DateFirstContact]]="","",tblReferrals[[#This Row],[DateFirstContact]]-tblReferrals[[#This Row],[DateReceived]]) | O82: =IF(tblReferrals[[#This Row],[DateFirstContact]]="",Settings!$B$3-tblReferrals[[#This Row],[DateReceived]],"") | P82: =IFERROR(INDEX(Settings!$B$6:$B$8,MATCH(tblReferrals[[#This Row],[PriorityLevel]],Settings!$A$6:$A$8,0)),"") | Q82: =IF(tblReferrals[[#This Row],[TargetDays]]="","Check priority",IF(tblReferrals[[#This Row],[DateFirstContact]]="",IF(tblReferrals[[#This Row],[DaysWaiting]]>tblReferrals[[#This Row],[TargetDays]],"Overdue - not contacted","Within target - awaiting contact"),IF(tblReferrals[[#This Row],[DaysToContact]]<0,"Check dates",IF(tblReferrals[[#This Row],[DaysToContact]]<=tblReferrals[[#This Row],[TargetDays]],"Contacted within target","Contacted late")))) | R82: =IF(tblReferrals[[#This Row],[PriorityLevel]]="","Missing priority",IF(tblReferrals[[#This Row],[ReferrerType]]="","Missing referrer type",IF(AND(tblReferrals[[#This Row],[DateFirstContact]]<>"",tblReferrals[[#This Row],[DaysToContact]]<0),"Contact before received",IF(AND(tblReferrals[[#This Row],[Status]]="Enrolled",tblReferrals[[#This Row],[ConsentObtained]]<>"Yes"),"Enrolled without consent",IF(COUNTIF(tblReferrals[ClientCode],tblReferrals[[#This Row],[ClientCode]])>1,"Possible duplicate client",IF(tblReferrals[[#This Row],[Ethnicity]]="","Ethnicity not recorded","OK"))))))
A83: R082 | B83: 46234 | C83: C1574 | E83: European | F83: Routine | G83: Yes | H83: 46245 | I83: Phone | J83: Contacted | K83: Pending | M83: No | N83: =IF(tblReferrals[[#This Row],[DateFirstContact]]="","",tblReferrals[[#This Row],[DateFirstContact]]-tblReferrals[[#This Row],[DateReceived]]) | O83: =IF(tblReferrals[[#This Row],[DateFirstContact]]="",Settings!$B$3-tblReferrals[[#This Row],[DateReceived]],"") | P83: =IFERROR(INDEX(Settings!$B$6:$B$8,MATCH(tblReferrals[[#This Row],[PriorityLevel]],Settings!$A$6:$A$8,0)),"") | Q83: =IF(tblReferrals[[#This Row],[TargetDays]]="","Check priority",IF(tblReferrals[[#This Row],[DateFirstContact]]="",IF(tblReferrals[[#This Row],[DaysWaiting]]>tblReferrals[[#This Row],[TargetDays]],"Overdue - not contacted","Within target - awaiting contact"),IF(tblReferrals[[#This Row],[DaysToContact]]<0,"Check dates",IF(tblReferrals[[#This Row],[DaysToContact]]<=tblReferrals[[#This Row],[TargetDays]],"Contacted within target","Contacted late")))) | R83: =IF(tblReferrals[[#This Row],[PriorityLevel]]="","Missing priority",IF(tblReferrals[[#This Row],[ReferrerType]]="","Missing referrer type",IF(AND(tblReferrals[[#This Row],[DateFirstContact]]<>"",tblReferrals[[#This Row],[DaysToContact]]<0),"Contact before received",IF(AND(tblReferrals[[#This Row],[Status]]="Enrolled",tblReferrals[[#This Row],[ConsentObtained]]<>"Yes"),"Enrolled without consent",IF(COUNTIF(tblReferrals[ClientCode],tblReferrals[[#This Row],[ClientCode]])>1,"Possible duplicate client",IF(tblReferrals[[#This Row],[Ethnicity]]="","Ethnicity not recorded","OK"))))))
A84: R083 | B84: 46234 | C84: C1581 | E84: Other | F84: Routine | G84: Yes | H84: 46238 | I84: Phone | J84: Enrolled | K84: Yes | L84: 46252 | M84: No | N84: =IF(tblReferrals[[#This Row],[DateFirstContact]]="","",tblReferrals[[#This Row],[DateFirstContact]]-tblReferrals[[#This Row],[DateReceived]]) | O84: =IF(tblReferrals[[#This Row],[DateFirstContact]]="",Settings!$B$3-tblReferrals[[#This Row],[DateReceived]],"") | P84: =IFERROR(INDEX(Settings!$B$6:$B$8,MATCH(tblReferrals[[#This Row],[PriorityLevel]],Settings!$A$6:$A$8,0)),"") | Q84: =IF(tblReferrals[[#This Row],[TargetDays]]="","Check priority",IF(tblReferrals[[#This Row],[DateFirstContact]]="",IF(tblReferrals[[#This Row],[DaysWaiting]]>tblReferrals[[#This Row],[TargetDays]],"Overdue - not contacted","Within target - awaiting contact"),IF(tblReferrals[[#This Row],[DaysToContact]]<0,"Check dates",IF(tblReferrals[[#This Row],[DaysToContact]]<=tblReferrals[[#This Row],[TargetDays]],"Contacted within target","Contacted late")))) | R84: =IF(tblReferrals[[#This Row],[PriorityLevel]]="","Missing priority",IF(tblReferrals[[#This Row],[ReferrerType]]="","Missing referrer type",IF(AND(tblReferrals[[#This Row],[DateFirstContact]]<>"",tblReferrals[[#This Row],[DaysToContact]]<0),"Contact before received",IF(AND(tblReferrals[[#This Row],[Status]]="Enrolled",tblReferrals[[#This Row],[ConsentObtained]]<>"Yes"),"Enrolled without consent",IF(COUNTIF(tblReferrals[ClientCode],tblReferrals[[#This Row],[ClientCode]])>1,"Possible duplicate client",IF(tblReferrals[[#This Row],[Ethnicity]]="","Ethnicity not recorded","OK"))))))
A85: R084 | B85: 46234 | C85: C1588 | D85: Community agency | E85: European | F85: High | G85: Yes | H85: 46234 | I85: Text | J85: Enrolled | K85: Yes | L85: 46245 | M85: No | N85: =IF(tblReferrals[[#This Row],[DateFirstContact]]="","",tblReferrals[[#This Row],[DateFirstContact]]-tblReferrals[[#This Row],[DateReceived]]) | O85: =IF(tblReferrals[[#This Row],[DateFirstContact]]="",Settings!$B$3-tblReferrals[[#This Row],[DateReceived]],"") | P85: =IFERROR(INDEX(Settings!$B$6:$B$8,MATCH(tblReferrals[[#This Row],[PriorityLevel]],Settings!$A$6:$A$8,0)),"") | Q85: =IF(tblReferrals[[#This Row],[TargetDays]]="","Check priority",IF(tblReferrals[[#This Row],[DateFirstContact]]="",IF(tblReferrals[[#This Row],[DaysWaiting]]>tblReferrals[[#This Row],[TargetDays]],"Overdue - not contacted","Within target - awaiting contact"),IF(tblReferrals[[#This Row],[DaysToContact]]<0,"Check dates",IF(tblReferrals[[#This Row],[DaysToContact]]<=tblReferrals[[#This Row],[TargetDays]],"Contacted within target","Contacted late")))) | R85: =IF(tblReferrals[[#This Row],[PriorityLevel]]="","Missing priority",IF(tblReferrals[[#This Row],[ReferrerType]]="","Missing referrer type",IF(AND(tblReferrals[[#This Row],[DateFirstContact]]<>"",tblReferrals[[#This Row],[DaysToContact]]<0),"Contact before received",IF(AND(tblReferrals[[#This Row],[Status]]="Enrolled",tblReferrals[[#This Row],[ConsentObtained]]<>"Yes"),"Enrolled without consent",IF(COUNTIF(tblReferrals[ClientCode],tblReferrals[[#This Row],[ClientCode]])>1,"Possible duplicate client",IF(tblReferrals[[#This Row],[Ethnicity]]="","Ethnicity not recorded","OK"))))))
A86: R085 | B86: 46237 | C86: C1595 | D86: Midwife | E86: Asian | F86: Routine | G86: No | J86: New | K86: Pending | M86: No | N86: =IF(tblReferrals[[#This Row],[DateFirstContact]]="","",tblReferrals[[#This Row],[DateFirstContact]]-tblReferrals[[#This Row],[DateReceived]]) | O86: =IF(tblReferrals[[#This Row],[DateFirstContact]]="",Settings!$B$3-tblReferrals[[#This Row],[DateReceived]],"") | P86: =IFERROR(INDEX(Settings!$B$6:$B$8,MATCH(tblReferrals[[#This Row],[PriorityLevel]],Settings!$A$6:$A$8,0)),"") | Q86: =IF(tblReferrals[[#This Row],[TargetDays]]="","Check priority",IF(tblReferrals[[#This Row],[DateFirstContact]]="",IF(tblReferrals[[#This Row],[DaysWaiting]]>tblReferrals[[#This Row],[TargetDays]],"Overdue - not contacted","Within target - awaiting contact"),IF(tblReferrals[[#This Row],[DaysToContact]]<0,"Check dates",IF(tblReferrals[[#This Row],[DaysToContact]]<=tblReferrals[[#This Row],[TargetDays]],"Contacted within target","Contacted late")))) | R86: =IF(tblReferrals[[#This Row],[PriorityLevel]]="","Missing priority",IF(tblReferrals[[#This Row],[ReferrerType]]="","Missing referrer type",IF(AND(tblReferrals[[#This Row],[DateFirstContact]]<>"",tblReferrals[[#This Row],[DaysToContact]]<0),"Contact before received",IF(AND(tblReferrals[[#This Row],[Status]]="Enrolled",tblReferrals[[#This Row],[ConsentObtained]]<>"Yes"),"Enrolled without consent",IF(COUNTIF(tblReferrals[ClientCode],tblReferrals[[#This Row],[ClientCode]])>1,"Possible duplicate client",IF(tblReferrals[[#This Row],[Ethnicity]]="","Ethnicity not recorded","OK"))))))
A87: R086 | B87: 46237 | C87: C1602 | D87: GP | E87: Pacific | F87: Urgent | G87: Yes | H87: 46238 | I87: Phone | J87: Enrolled | K87: Yes | L87: 46241 | M87: No | N87: =IF(tblReferrals[[#This Row],[DateFirstContact]]="","",tblReferrals[[#This Row],[DateFirstContact]]-tblReferrals[[#This Row],[DateReceived]]) | O87: =IF(tblReferrals[[#This Row],[DateFirstContact]]="",Settings!$B$3-tblReferrals[[#This Row],[DateReceived]],"") | P87: =IFERROR(INDEX(Settings!$B$6:$B$8,MATCH(tblReferrals[[#This Row],[PriorityLevel]],Settings!$A$6:$A$8,0)),"") | Q87: =IF(tblReferrals[[#This Row],[TargetDays]]="","Check priority",IF(tblReferrals[[#This Row],[DateFirstContact]]="",IF(tblReferrals[[#This Row],[DaysWaiting]]>tblReferrals[[#This Row],[TargetDays]],"Overdue - not contacted","Within target - awaiting contact"),IF(tblReferrals[[#This Row],[DaysToContact]]<0,"Check dates",IF(tblReferrals[[#This Row],[DaysToContact]]<=tblReferrals[[#This Row],[TargetDays]],"Contacted within target","Contacted late")))) | R87: =IF(tblReferrals[[#This Row],[PriorityLevel]]="","Missing priority",IF(tblReferrals[[#This Row],[ReferrerType]]="","Missing referrer type",IF(AND(tblReferrals[[#This Row],[DateFirstContact]]<>"",tblReferrals[[#This Row],[DaysToContact]]<0),"Contact before received",IF(AND(tblReferrals[[#This Row],[Status]]="Enrolled",tblReferrals[[#This Row],[ConsentObtained]]<>"Yes"),"Enrolled without consent",IF(COUNTIF(tblReferrals[ClientCode],tblReferrals[[#This Row],[ClientCode]])>1,"Possible duplicate client",IF(tblReferrals[[#This Row],[Ethnicity]]="","Ethnicity not recorded","OK"))))))
A88: R087 | B88: 46238 | C88: C1259 | D88: Midwife | E88: European | F88: Urgent | G88: Yes | J88: New | K88: Pending | M88: Yes | N88: =IF(tblReferrals[[#This Row],[DateFirstContact]]="","",tblReferrals[[#This Row],[DateFirstContact]]-tblReferrals[[#This Row],[DateReceived]]) | O88: =IF(tblReferrals[[#This Row],[DateFirstContact]]="",Settings!$B$3-tblReferrals[[#This Row],[DateReceived]],"") | P88: =IFERROR(INDEX(Settings!$B$6:$B$8,MATCH(tblReferrals[[#This Row],[PriorityLevel]],Settings!$A$6:$A$8,0)),"") | Q88: =IF(tblReferrals[[#This Row],[TargetDays]]="","Check priority",IF(tblReferrals[[#This Row],[DateFirstContact]]="",IF(tblReferrals[[#This Row],[DaysWaiting]]>tblReferrals[[#This Row],[TargetDays]],"Overdue - not contacted","Within target - awaiting contact"),IF(tblReferrals[[#This Row],[DaysToContact]]<0,"Check dates",IF(tblReferrals[[#This Row],[DaysToContact]]<=tblReferrals[[#This Row],[TargetDays]],"Contacted within target","Contacted late")))) | R88: =IF(tblReferrals[[#This Row],[PriorityLevel]]="","Missing priority",IF(tblReferrals[[#This Row],[ReferrerType]]="","Missing referrer type",IF(AND(tblReferrals[[#This Row],[DateFirstContact]]<>"",tblReferrals[[#This Row],[DaysToContact]]<0),"Contact before received",IF(AND(tblReferrals[[#This Row],[Status]]="Enrolled",tblReferrals[[#This Row],[ConsentObtained]]<>"Yes"),"Enrolled without consent",IF(COUNTIF(tblReferrals[ClientCode],tblReferrals[[#This Row],[ClientCode]])>1,"Possible duplicate client",IF(tblReferrals[[#This Row],[Ethnicity]]="","Ethnicity not recorded","OK"))))))
A89: R088 | B89: 46239 | C89: C1616 | D89: GP | F89: Routine | G89: Yes | H89: 46240 | I89: Email | J89: Enrolled | K89: Yes | L89: 46247 | M89: No | N89: =IF(tblReferrals[[#This Row],[DateFirstContact]]="","",tblReferrals[[#This Row],[DateFirstContact]]-tblReferrals[[#This Row],[DateReceived]]) | O89: =IF(tblReferrals[[#This Row],[DateFirstContact]]="",Settings!$B$3-tblReferrals[[#This Row],[DateReceived]],"") | P89: =IFERROR(INDEX(Settings!$B$6:$B$8,MATCH(tblReferrals[[#This Row],[PriorityLevel]],Settings!$A$6:$A$8,0)),"") | Q89: =IF(tblReferrals[[#This Row],[TargetDays]]="","Check priority",IF(tblReferrals[[#This Row],[DateFirstContact]]="",IF(tblReferrals[[#This Row],[DaysWaiting]]>tblReferrals[[#This Row],[TargetDays]],"Overdue - not contacted","Within target - awaiting contact"),IF(tblReferrals[[#This Row],[DaysToContact]]<0,"Check dates",IF(tblReferrals[[#This Row],[DaysToContact]]<=tblReferrals[[#This Row],[TargetDays]],"Contacted within target","Contacted late")))) | R89: =IF(tblReferrals[[#This Row],[PriorityLevel]]="","Missing priority",IF(tblReferrals[[#This Row],[ReferrerType]]="","Missing referrer type",IF(AND(tblReferrals[[#This Row],[DateFirstContact]]<>"",tblReferrals[[#This Row],[DaysToContact]]<0),"Contact before received",IF(AND(tblReferrals[[#This Row],[Status]]="Enrolled",tblReferrals[[#This Row],[ConsentObtained]]<>"Yes"),"Enrolled without consent",IF(COUNTIF(tblReferrals[ClientCode],tblReferrals[[#This Row],[ClientCode]])>1,"Possible duplicate client",IF(tblReferrals[[#This Row],[Ethnicity]]="","Ethnicity not recorded","OK"))))))
A90: R089 | B90: 46240 | C90: C1623 | D90: GP | E90: European | F90: Routine | G90: Yes | H90: 46244 | I90: Email | J90: Unable to contact | K90: Pending | M90: No | N90: =IF(tblReferrals[[#This Row],[DateFirstContact]]="","",tblReferrals[[#This Row],[DateFirstContact]]-tblReferrals[[#This Row],[DateReceived]]) | O90: =IF(tblReferrals[[#This Row],[DateFirstContact]]="",Settings!$B$3-tblReferrals[[#This Row],[DateReceived]],"") | P90: =IFERROR(INDEX(Settings!$B$6:$B$8,MATCH(tblReferrals[[#This Row],[PriorityLevel]],Settings!$A$6:$A$8,0)),"") | Q90: =IF(tblReferrals[[#This Row],[TargetDays]]="","Check priority",IF(tblReferrals[[#This Row],[DateFirstContact]]="",IF(tblReferrals[[#This Row],[DaysWaiting]]>tblReferrals[[#This Row],[TargetDays]],"Overdue - not contacted","Within target - awaiting contact"),IF(tblReferrals[[#This Row],[DaysToContact]]<0,"Check dates",IF(tblReferrals[[#This Row],[DaysToContact]]<=tblReferrals[[#This Row],[TargetDays]],"Contacted within target","Contacted late")))) | R90: =IF(tblReferrals[[#This Row],[PriorityLevel]]="","Missing priority",IF(tblReferrals[[#This Row],[ReferrerType]]="","Missing referrer type",IF(AND(tblReferrals[[#This Row],[DateFirstContact]]<>"",tblReferrals[[#This Row],[DaysToContact]]<0),"Contact before received",IF(AND(tblReferrals[[#This Row],[Status]]="Enrolled",tblReferrals[[#This Row],[ConsentObtained]]<>"Yes"),"Enrolled without consent",IF(COUNTIF(tblReferrals[ClientCode],tblReferrals[[#This Row],[ClientCode]])>1,"Possible duplicate client",IF(tblReferrals[[#This Row],[Ethnicity]]="","Ethnicity not recorded","OK"))))))
A91: R090 | B91: 46240 | C91: C1630 | D91: Community agency | E91: Asian | F91: Routine | G91: Yes | H91: 46247 | I91: Phone | J91: Consent pending | K91: Pending | M91: No | N91: =IF(tblReferrals[[#This Row],[DateFirstContact]]="","",tblReferrals[[#This Row],[DateFirstContact]]-tblReferrals[[#This Row],[DateReceived]]) | O91: =IF(tblReferrals[[#This Row],[DateFirstContact]]="",Settings!$B$3-tblReferrals[[#This Row],[DateReceived]],"") | P91: =IFERROR(INDEX(Settings!$B$6:$B$8,MATCH(tblReferrals[[#This Row],[PriorityLevel]],Settings!$A$6:$A$8,0)),"") | Q91: =IF(tblReferrals[[#This Row],[TargetDays]]="","Check priority",IF(tblReferrals[[#This Row],[DateFirstContact]]="",IF(tblReferrals[[#This Row],[DaysWaiting]]>tblReferrals[[#This Row],[TargetDays]],"Overdue - not contacted","Within target - awaiting contact"),IF(tblReferrals[[#This Row],[DaysToContact]]<0,"Check dates",IF(tblReferrals[[#This Row],[DaysToContact]]<=tblReferrals[[#This Row],[TargetDays]],"Contacted within target","Contacted late")))) | R91: =IF(tblReferrals[[#This Row],[PriorityLevel]]="","Missing priority",IF(tblReferrals[[#This Row],[ReferrerType]]="","Missing referrer type",IF(AND(tblReferrals[[#This Row],[DateFirstContact]]<>"",tblReferrals[[#This Row],[DaysToContact]]<0),"Contact before received",IF(AND(tblReferrals[[#This Row],[Status]]="Enrolled",tblReferrals[[#This Row],[ConsentObtained]]<>"Yes"),"Enrolled without consent",IF(COUNTIF(tblReferrals[ClientCode],tblReferrals[[#This Row],[ClientCode]])>1,"Possible duplicate client",IF(tblReferrals[[#This Row],[Ethnicity]]="","Ethnicity not recorded","OK"))))))
A92: R091 | B92: 46240 | C92: C1637 | D92: Other health provider | E92: European | F92: High | G92: Yes | H92: 46246 | I92: Phone | J92: Enrolled | K92: Yes | L92: 46255 | M92: Yes | N92: =IF(tblReferrals[[#This Row],[DateFirstContact]]="","",tblReferrals[[#This Row],[DateFirstContact]]-tblReferrals[[#This Row],[DateReceived]]) | O92: =IF(tblReferrals[[#This Row],[DateFirstContact]]="",Settings!$B$3-tblReferrals[[#This Row],[DateReceived]],"") | P92: =IFERROR(INDEX(Settings!$B$6:$B$8,MATCH(tblReferrals[[#This Row],[PriorityLevel]],Settings!$A$6:$A$8,0)),"") | Q92: =IF(tblReferrals[[#This Row],[TargetDays]]="","Check priority",IF(tblReferrals[[#This Row],[DateFirstContact]]="",IF(tblReferrals[[#This Row],[DaysWaiting]]>tblReferrals[[#This Row],[TargetDays]],"Overdue - not contacted","Within target - awaiting contact"),IF(tblReferrals[[#This Row],[DaysToContact]]<0,"Check dates",IF(tblReferrals[[#This Row],[DaysToContact]]<=tblReferrals[[#This Row],[TargetDays]],"Contacted within target","Contacted late")))) | R92: =IF(tblReferrals[[#This Row],[PriorityLevel]]="","Missing priority",IF(tblReferrals[[#This Row],[ReferrerType]]="","Missing referrer type",IF(AND(tblReferrals[[#This Row],[DateFirstContact]]<>"",tblReferrals[[#This Row],[DaysToContact]]<0),"Contact before received",IF(AND(tblReferrals[[#This Row],[Status]]="Enrolled",tblReferrals[[#This Row],[ConsentObtained]]<>"Yes"),"Enrolled without consent",IF(COUNTIF(tblReferrals[ClientCode],tblReferrals[[#This Row],[ClientCode]])>1,"Possible duplicate client",IF(tblReferrals[[#This Row],[Ethnicity]]="","Ethnicity not recorded","OK"))))))
A93: R092 | B93: 46241 | C93: C1644 | D93: GP | E93: Māori | F93: Routine | G93: Yes | H93: 46246 | I93: Phone | J93: Enrolled | K93: Yes | L93: 46252 | M93: No | N93: =IF(tblReferrals[[#This Row],[DateFirstContact]]="","",tblReferrals[[#This Row],[DateFirstContact]]-tblReferrals[[#This Row],[DateReceived]]) | O93: =IF(tblReferrals[[#This Row],[DateFirstContact]]="",Settings!$B$3-tblReferrals[[#This Row],[DateReceived]],"") | P93: =IFERROR(INDEX(Settings!$B$6:$B$8,MATCH(tblReferrals[[#This Row],[PriorityLevel]],Settings!$A$6:$A$8,0)),"") | Q93: =IF(tblReferrals[[#This Row],[TargetDays]]="","Check priority",IF(tblReferrals[[#This Row],[DateFirstContact]]="",IF(tblReferrals[[#This Row],[DaysWaiting]]>tblReferrals[[#This Row],[TargetDays]],"Overdue - not contacted","Within target - awaiting contact"),IF(tblReferrals[[#This Row],[DaysToContact]]<0,"Check dates",IF(tblReferrals[[#This Row],[DaysToContact]]<=tblReferrals[[#This Row],[TargetDays]],"Contacted within target","Contacted late")))) | R93: =IF(tblReferrals[[#This Row],[PriorityLevel]]="","Missing priority",IF(tblReferrals[[#This Row],[ReferrerType]]="","Missing referrer type",IF(AND(tblReferrals[[#This Row],[DateFirstContact]]<>"",tblReferrals[[#This Row],[DaysToContact]]<0),"Contact before received",IF(AND(tblReferrals[[#This Row],[Status]]="Enrolled",tblReferrals[[#This Row],[ConsentObtained]]<>"Yes"),"Enrolled without consent",IF(COUNTIF(tblReferrals[ClientCode],tblReferrals[[#This Row],[ClientCode]])>1,"Possible duplicate client",IF(tblReferrals[[#This Row],[Ethnicity]]="","Ethnicity not recorded","OK"))))))
A94: R093 | B94: 46244 | C94: C1651 | D94: GP | E94: Asian | F94: Routine | G94: No | H94: 46246 | I94: Phone | J94: Unable to contact | K94: Pending | M94: No | N94: =IF(tblReferrals[[#This Row],[DateFirstContact]]="","",tblReferrals[[#This Row],[DateFirstContact]]-tblReferrals[[#This Row],[DateReceived]]) | O94: =IF(tblReferrals[[#This Row],[DateFirstContact]]="",Settings!$B$3-tblReferrals[[#This Row],[DateReceived]],"") | P94: =IFERROR(INDEX(Settings!$B$6:$B$8,MATCH(tblReferrals[[#This Row],[PriorityLevel]],Settings!$A$6:$A$8,0)),"") | Q94: =IF(tblReferrals[[#This Row],[TargetDays]]="","Check priority",IF(tblReferrals[[#This Row],[DateFirstContact]]="",IF(tblReferrals[[#This Row],[DaysWaiting]]>tblReferrals[[#This Row],[TargetDays]],"Overdue - not contacted","Within target - awaiting contact"),IF(tblReferrals[[#This Row],[DaysToContact]]<0,"Check dates",IF(tblReferrals[[#This Row],[DaysToContact]]<=tblReferrals[[#This Row],[TargetDays]],"Contacted within target","Contacted late")))) | R94: =IF(tblReferrals[[#This Row],[PriorityLevel]]="","Missing priority",IF(tblReferrals[[#This Row],[ReferrerType]]="","Missing referrer type",IF(AND(tblReferrals[[#This Row],[DateFirstContact]]<>"",tblReferrals[[#This Row],[DaysToContact]]<0),"Contact before received",IF(AND(tblReferrals[[#This Row],[Status]]="Enrolled",tblReferrals[[#This Row],[ConsentObtained]]<>"Yes"),"Enrolled without consent",IF(COUNTIF(tblReferrals[ClientCode],tblReferrals[[#This Row],[ClientCode]])>1,"Possible duplicate client",IF(tblReferrals[[#This Row],[Ethnicity]]="","Ethnicity not recorded","OK"))))))
A95: R094 | B95: 46245 | C95: C1658 | D95: Other health provider | E95: European | F95: Routine | G95: No | H95: 46253 | I95: Phone | J95: Contacted | K95: Pending | M95: No | N95: =IF(tblReferrals[[#This Row],[DateFirstContact]]="","",tblReferrals[[#This Row],[DateFirstContact]]-tblReferrals[[#This Row],[DateReceived]]) | O95: =IF(tblReferrals[[#This Row],[DateFirstContact]]="",Settings!$B$3-tblReferrals[[#This Row],[DateReceived]],"") | P95: =IFERROR(INDEX(Settings!$B$6:$B$8,MATCH(tblReferrals[[#This Row],[PriorityLevel]],Settings!$A$6:$A$8,0)),"") | Q95: =IF(tblReferrals[[#This Row],[TargetDays]]="","Check priority",IF(tblReferrals[[#This Row],[DateFirstContact]]="",IF(tblReferrals[[#This Row],[DaysWaiting]]>tblReferrals[[#This Row],[TargetDays]],"Overdue - not contacted","Within target - awaiting contact"),IF(tblReferrals[[#This Row],[DaysToContact]]<0,"Check dates",IF(tblReferrals[[#This Row],[DaysToContact]]<=tblReferrals[[#This Row],[TargetDays]],"Contacted within target","Contacted late")))) | R95: =IF(tblReferrals[[#This Row],[PriorityLevel]]="","Missing priority",IF(tblReferrals[[#This Row],[ReferrerType]]="","Missing referrer type",IF(AND(tblReferrals[[#This Row],[DateFirstContact]]<>"",tblReferrals[[#This Row],[DaysToContact]]<0),"Contact before received",IF(AND(tblReferrals[[#This Row],[Status]]="Enrolled",tblReferrals[[#This Row],[ConsentObtained]]<>"Yes"),"Enrolled without consent",IF(COUNTIF(tblReferrals[ClientCode],tblReferrals[[#This Row],[ClientCode]])>1,"Possible duplicate client",IF(tblReferrals[[#This Row],[Ethnicity]]="","Ethnicity not recorded","OK"))))))
A96: R095 | B96: 46245 | C96: C1665 | D96: Midwife | E96: Asian | F96: Routine | G96: Yes | H96: 46251 | I96: Phone | J96: Enrolled | K96: Yes | L96: 46266 | M96: No | N96: =IF(tblReferrals[[#This Row],[DateFirstContact]]="","",tblReferrals[[#This Row],[DateFirstContact]]-tblReferrals[[#This Row],[DateReceived]]) | O96: =IF(tblReferrals[[#This Row],[DateFirstContact]]="",Settings!$B$3-tblReferrals[[#This Row],[DateReceived]],"") | P96: =IFERROR(INDEX(Settings!$B$6:$B$8,MATCH(tblReferrals[[#This Row],[PriorityLevel]],Settings!$A$6:$A$8,0)),"") | Q96: =IF(tblReferrals[[#This Row],[TargetDays]]="","Check priority",IF(tblReferrals[[#This Row],[DateFirstContact]]="",IF(tblReferrals[[#This Row],[DaysWaiting]]>tblReferrals[[#This Row],[TargetDays]],"Overdue - not contacted","Within target - awaiting contact"),IF(tblReferrals[[#This Row],[DaysToContact]]<0,"Check dates",IF(tblReferrals[[#This Row],[DaysToContact]]<=tblReferrals[[#This Row],[TargetDays]],"Contacted within target","Contacted late")))) | R96: =IF(tblReferrals[[#This Row],[PriorityLevel]]="","Missing priority",IF(tblReferrals[[#This Row],[ReferrerType]]="","Missing referrer type",IF(AND(tblReferrals[[#This Row],[DateFirstContact]]<>"",tblReferrals[[#This Row],[DaysToContact]]<0),"Contact before received",IF(AND(tblReferrals[[#This Row],[Status]]="Enrolled",tblReferrals[[#This Row],[ConsentObtained]]<>"Yes"),"Enrolled without consent",IF(COUNTIF(tblReferrals[ClientCode],tblReferrals[[#This Row],[ClientCode]])>1,"Possible duplicate client",IF(tblReferrals[[#This Row],[Ethnicity]]="","Ethnicity not recorded","OK"))))))
A97: R096 | B97: 46246 | C97: C1672 | D97: GP | E97: Māori | F97: High | G97: Yes | J97: New | K97: Pending | M97: No | N97: =IF(tblReferrals[[#This Row],[DateFirstContact]]="","",tblReferrals[[#This Row],[DateFirstContact]]-tblReferrals[[#This Row],[DateReceived]]) | O97: =IF(tblReferrals[[#This Row],[DateFirstContact]]="",Settings!$B$3-tblReferrals[[#This Row],[DateReceived]],"") | P97: =IFERROR(INDEX(Settings!$B$6:$B$8,MATCH(tblReferrals[[#This Row],[PriorityLevel]],Settings!$A$6:$A$8,0)),"") | Q97: =IF(tblReferrals[[#This Row],[TargetDays]]="","Check priority",IF(tblReferrals[[#This Row],[DateFirstContact]]="",IF(tblReferrals[[#This Row],[DaysWaiting]]>tblReferrals[[#This Row],[TargetDays]],"Overdue - not contacted","Within target - awaiting contact"),IF(tblReferrals[[#This Row],[DaysToContact]]<0,"Check dates",IF(tblReferrals[[#This Row],[DaysToContact]]<=tblReferrals[[#This Row],[TargetDays]],"Contacted within target","Contacted late")))) | R97: =IF(tblReferrals[[#This Row],[PriorityLevel]]="","Missing priority",IF(tblReferrals[[#This Row],[ReferrerType]]="","Missing referrer type",IF(AND(tblReferrals[[#This Row],[DateFirstContact]]<>"",tblReferrals[[#This Row],[DaysToContact]]<0),"Contact before received",IF(AND(tblReferrals[[#This Row],[Status]]="Enrolled",tblReferrals[[#This Row],[ConsentObtained]]<>"Yes"),"Enrolled without consent",IF(COUNTIF(tblReferrals[ClientCode],tblReferrals[[#This Row],[ClientCode]])>1,"Possible duplicate client",IF(tblReferrals[[#This Row],[Ethnicity]]="","Ethnicity not recorded","OK"))))))
A98: R097 | B98: 46246 | C98: C1679 | D98: GP | E98: European | F98: Routine | G98: Yes | H98: 46255 | I98: Email | J98: Enrolled | K98: Yes | L98: 46267 | M98: No | N98: =IF(tblReferrals[[#This Row],[DateFirstContact]]="","",tblReferrals[[#This Row],[DateFirstContact]]-tblReferrals[[#This Row],[DateReceived]]) | O98: =IF(tblReferrals[[#This Row],[DateFirstContact]]="",Settings!$B$3-tblReferrals[[#This Row],[DateReceived]],"") | P98: =IFERROR(INDEX(Settings!$B$6:$B$8,MATCH(tblReferrals[[#This Row],[PriorityLevel]],Settings!$A$6:$A$8,0)),"") | Q98: =IF(tblReferrals[[#This Row],[TargetDays]]="","Check priority",IF(tblReferrals[[#This Row],[DateFirstContact]]="",IF(tblReferrals[[#This Row],[DaysWaiting]]>tblReferrals[[#This Row],[TargetDays]],"Overdue - not contacted","Within target - awaiting contact"),IF(tblReferrals[[#This Row],[DaysToContact]]<0,"Check dates",IF(tblReferrals[[#This Row],[DaysToContact]]<=tblReferrals[[#This Row],[TargetDays]],"Contacted within target","Contacted late")))) | R98: =IF(tblReferrals[[#This Row],[PriorityLevel]]="","Missing priority",IF(tblReferrals[[#This Row],[ReferrerType]]="","Missing referrer type",IF(AND(tblReferrals[[#This Row],[DateFirstContact]]<>"",tblReferrals[[#This Row],[DaysToContact]]<0),"Contact before received",IF(AND(tblReferrals[[#This Row],[Status]]="Enrolled",tblReferrals[[#This Row],[ConsentObtained]]<>"Yes"),"Enrolled without consent",IF(COUNTIF(tblReferrals[ClientCode],tblReferrals[[#This Row],[ClientCode]])>1,"Possible duplicate client",IF(tblReferrals[[#This Row],[Ethnicity]]="","Ethnicity not recorded","OK"))))))
A99: R098 | B99: 46246 | C99: C1686 | D99: Midwife | E99: Pacific | G99: Yes | H99: 46248 | I99: Phone | J99: Awaiting info | K99: Pending | M99: No | N99: =IF(tblReferrals[[#This Row],[DateFirstContact]]="","",tblReferrals[[#This Row],[DateFirstContact]]-tblReferrals[[#This Row],[DateReceived]]) | O99: =IF(tblReferrals[[#This Row],[DateFirstContact]]="",Settings!$B$3-tblReferrals[[#This Row],[DateReceived]],"") | P99: =IFERROR(INDEX(Settings!$B$6:$B$8,MATCH(tblReferrals[[#This Row],[PriorityLevel]],Settings!$A$6:$A$8,0)),"") | Q99: =IF(tblReferrals[[#This Row],[TargetDays]]="","Check priority",IF(tblReferrals[[#This Row],[DateFirstContact]]="",IF(tblReferrals[[#This Row],[DaysWaiting]]>tblReferrals[[#This Row],[TargetDays]],"Overdue - not contacted","Within target - awaiting contact"),IF(tblReferrals[[#This Row],[DaysToContact]]<0,"Check dates",IF(tblReferrals[[#This Row],[DaysToContact]]<=tblReferrals[[#This Row],[TargetDays]],"Contacted within target","Contacted late")))) | R99: =IF(tblReferrals[[#This Row],[PriorityLevel]]="","Missing priority",IF(tblReferrals[[#This Row],[ReferrerType]]="","Missing referrer type",IF(AND(tblReferrals[[#This Row],[DateFirstContact]]<>"",tblReferrals[[#This Row],[DaysToContact]]<0),"Contact before received",IF(AND(tblReferrals[[#This Row],[Status]]="Enrolled",tblReferrals[[#This Row],[ConsentObtained]]<>"Yes"),"Enrolled without consent",IF(COUNTIF(tblReferrals[ClientCode],tblReferrals[[#This Row],[ClientCode]])>1,"Possible duplicate client",IF(tblReferrals[[#This Row],[Ethnicity]]="","Ethnicity not recorded","OK"))))))
A100: R099 | B100: 46247 | C100: C1693 | D100: Community agency | E100: Māori | F100: Routine | G100: Yes | J100: New | K100: Pending | M100: No | N100: =IF(tblReferrals[[#This Row],[DateFirstContact]]="","",tblReferrals[[#This Row],[DateFirstContact]]-tblReferrals[[#This Row],[DateReceived]]) | O100: =IF(tblReferrals[[#This Row],[DateFirstContact]]="",Settings!$B$3-tblReferrals[[#This Row],[DateReceived]],"") | P100: =IFERROR(INDEX(Settings!$B$6:$B$8,MATCH(tblReferrals[[#This Row],[PriorityLevel]],Settings!$A$6:$A$8,0)),"") | Q100: =IF(tblReferrals[[#This Row],[TargetDays]]="","Check priority",IF(tblReferrals[[#This Row],[DateFirstContact]]="",IF(tblReferrals[[#This Row],[DaysWaiting]]>tblReferrals[[#This Row],[TargetDays]],"Overdue - not contacted","Within target - awaiting contact"),IF(tblReferrals[[#This Row],[DaysToContact]]<0,"Check dates",IF(tblReferrals[[#This Row],[DaysToContact]]<=tblReferrals[[#This Row],[TargetDays]],"Contacted within target","Contacted late")))) | R100: =IF(tblReferrals[[#This Row],[PriorityLevel]]="","Missing priority",IF(tblReferrals[[#This Row],[ReferrerType]]="","Missing referrer type",IF(AND(tblReferrals[[#This Row],[DateFirstContact]]<>"",tblReferrals[[#This Row],[DaysToContact]]<0),"Contact before received",IF(AND(tblReferrals[[#This Row],[Status]]="Enrolled",tblReferrals[[#This Row],[ConsentObtained]]<>"Yes"),"Enrolled without consent",IF(COUNTIF(tblReferrals[ClientCode],tblReferrals[[#This Row],[ClientCode]])>1,"Possible duplicate client",IF(tblReferrals[[#This Row],[Ethnicity]]="","Ethnicity not recorded","OK"))))))
...

Sheet Checks
A1: Data checks
A2: Contact status | B2: Count
A3: Contacted within target | B3: =COUNTIF(tblReferrals[ContactStatus], A3)
A4: Contacted late | B4: =COUNTIF(tblReferrals[ContactStatus], A4)
A5: Overdue - not contacted | B5: =COUNTIF(tblReferrals[ContactStatus], A5)
A6: Within target - awaiting contact | B6: =COUNTIF(tblReferrals[ContactStatus], A6)
A7: Check priority | B7: =COUNTIF(tblReferrals[ContactStatus], A7)
A8: Check dates | B8: =COUNTIF(tblReferrals[ContactStatus], A8)
A11: Quality flag | B11: Count
A12: OK | B12: =COUNTIF(tblReferrals[QualityFlag],A12)
A13: Ethnicity not recorded | B13: =COUNTIF(tblReferrals[QualityFlag],A13)
A14: Possible duplicate client | B14: =COUNTIF(tblReferrals[QualityFlag],A14)
A15: Missing priority | B15: =COUNTIF(tblReferrals[QualityFlag],A15)
A16: Missing referrer type | B16: =COUNTIF(tblReferrals[QualityFlag],A16)
A17: Enrolled without consent | B17: =COUNTIF(tblReferrals[QualityFlag],A17)
A18: Contact before received | B18: =COUNTIF(tblReferrals[QualityFlag],A18)

Sheet Settings
A1: Assumptions (edit here)
A2: Yellow cells are inputs; every calculation reads from them.
A3: As-at date | B3: 46265
A5: Priority | B5: Target days to first contact
A6: Urgent | B6: 1
A7: High | B7: 3
A8: Routine | B8: 7
A10: Targets are assumed (calendar days), not from a real service
A12: Target: % contacted within target | B12: 0.8
A13: Target: % records passing checks | B13: 0.95

Sheet Enrolment Checklist
A1: Enrolment checklist
A3: # | B3: Step | C3: Done
A4: 1 | B4: Explained what the service offers and what enrolment involves. | C4: ☐
A5: 2 | B5: Whānau or support person involved, if the client wishes. | C5: ☐
A6: 3 | B6: Client's preferred name, and its pronunciation, recorded. | C6: ☐
A7: 4 | B7: Preferred contact method and time recorded. | C7: ☐
A8: 5 | B8: Consent explained in plain language and questions answered. | C8: ☐
A9: 6 | B9: Consent recorded (verbal or written) with the date. | C9: ☐
A10: 7 | B10: Referrer information complete, or missing details requested. | C10: ☐
A11: 8 | B11: Record updated and checked for accuracy. | C11: ☐

Sheet Notes
A1: SIMULATED DATA
A2: All rows are invented for a portfolio project. They do not describe real people, referrals, or organisations, and no findings from them should be treated as real.
A4: Data as at 31/08/2026. Referrals received 01/06/2026 to 28/08/2026.
A6: Field definitions
A7: Field | B7: Description
A8: ReferralID | B8: Unique code for each referral.
A9: DateReceived | B9: Date the referral arrived in the service inbox.
A10: ClientCode | B10: Anonymous client code (no names). A client may be referred more than once.
A11: ReferrerType | B11: Who sent the referral.
A12: Ethnicity | B12: Self-identified ethnic group, where recorded.
A13: PriorityLevel | B13: Urgency assigned at triage (Urgent, High, Routine).
A14: InfoComplete | B14: Whether the referrer supplied all required information (Yes/No).
A15: DateFirstContact | B15: Date the service first contacted (or tried to contact) the client.
A16: ContactMethod | B16: Phone, Text, Email or In person.
A17: Status | B17: New, Contacted, Awaiting info, Consent pending, Enrolled, Unable to contact, Declined.
A18: ConsentObtained | B18: Yes, No or Pending.
... A20: Escalated | B20: Whether the referral was escalated to a clinician (Yes/No).
A22: About this workbook
A23: Purpose | B23: Excel workbook that logs service referrals, flags overdue first contact and data problems, and summarises performance for a service manager. Portfolio project.
A24: Data | B24: Simulated: all 120 referrals are invented and do not describe real people, referrals or organisations. Referrals received 01/06/2026 to 28/08/2026; data as at 31/08/2026.
A25: Data-quality checks | B25: QualityFlag looks for: missing priority, missing referrer type, first contact dated before the referral was received, enrolled without consent recorded as Yes, possible duplicate client (same client code on more than one referral), and ethnicity not recorded. Dropdown lists limit entries for PriorityLevel, Status and ConsentObtained.
A26: Assumptions | B26: Target days to first contact (Urgent 1, High 3, Routine 7) are my own assumptions, not from a real service. The percentage targets on Settings (80% contacted within target, 95% records passing checks) are also assumed. Days are calendar days, not working days.
A27: Limitations | B27: Results show how the workbook works, not real performance. Numbers per ethnic group are small, so the equity view is for monitoring only and no conclusions should be drawn. With real data, findings would be reviewed with the team.
A28: Privacy | B28: Uses anonymous client codes: no names or contact details. With real data, information would need to be stored and shared in line with the service's privacy policies and the Health Information Privacy Code 2020, with access limited to those who need it.
A29: How to update | B29: Add new referrals in the next empty row of the Referrals table; the calculated columns fill in automatically. Change the as-at date on Settings. Check the QualityFlag column and the Checks sheet for flagged records. The Summary updates automatically, except the month table, which needs a new month row added by hand.
